-- phpMyAdmin SQL Dump
-- version 3.3.9
-- http://www.phpmyadmin.net
--
-- Host: localhost
-- Generation Time: May 02, 2021 at 04:15 PM
-- Server version: 5.5.8
-- PHP Version: 5.3.5

SET SQL_MODE="NO_AUTO_VALUE_ON_ZERO";


/*!40101 SET @OLD_CHARACTER_SET_CLIENT=@@CHARACTER_SET_CLIENT */;
/*!40101 SET @OLD_CHARACTER_SET_RESULTS=@@CHARACTER_SET_RESULTS */;
/*!40101 SET @OLD_COLLATION_CONNECTION=@@COLLATION_CONNECTION */;
/*!40101 SET NAMES utf8 */;

--
-- Database: `ibraintask`
--

-- --------------------------------------------------------

--
-- Table structure for table `appointmentinfo`
--

CREATE TABLE IF NOT EXISTS `appointmentinfo` (
  `patid` int(11) DEFAULT NULL,
  `apptid` int(11) NOT NULL DEFAULT '0',
  `apptdate` date DEFAULT NULL,
  `operatory` int(11) DEFAULT NULL,
  `provider` int(11) DEFAULT NULL,
  `appttime` varchar(50) DEFAULT NULL,
  `apptlength` int(11) DEFAULT NULL,
  `amount` float DEFAULT NULL,
  `clinicid` int(11) DEFAULT NULL,
  PRIMARY KEY (`apptid`)
) ENGINE=InnoDB DEFAULT CHARSET=latin1;

--
-- Dumping data for table `appointmentinfo`
--

INSERT INTO `appointmentinfo` (`patid`, `apptid`, `apptdate`, `operatory`, `provider`, `appttime`, `apptlength`, `amount`, `clinicid`) VALUES
(424201, 1, '2021-04-15', 1, 1, '08:15', 60, 250, 1),
(776001, 2, '2021-02-19', 1, 1, '12:00', 60, 280, 1),
(118501, 3, '2021-02-17', 1, 1, '12:00', 30, 32, 1),
(118501, 4, '2021-02-17', 1, 20, '12:00', 30, 130, 1),
(457501, 5, '2021-02-17', 1, 1, '16:00', 60, 71, 1),
(446701, 6, '2021-02-17', 1, 20, '15:00', 30, 116, 1),
(446701, 7, '2021-02-17', 1, 1, '15:00', 30, 27, 1),
(104701, 8, '2021-02-17', 1, 1, '11:00', 30, 250, 1),
(104701, 9, '2021-02-17', 1, 20, '11:00', 30, 0, 1),
(693401, 10, '2021-02-16', 1, 1, '14:00', 60, 76, 1),
(625101, 11, '2021-02-12', 1, 1, '08:30', 60, 10, 1),
(695402, 12, '2021-02-11', 4, 1, '13:00', 45, 51.05, 1),
(695403, 13, '2021-02-11', 4, 1, '13:45', 45, 51.05, 1),
(690101, 14, '2021-02-11', 1, 1, '16:00', 60, 76, 1),
(783801, 15, '2021-02-10', 1, 1, '08:30', 60, 155, 1),
(489803, 16, '2021-02-10', 1, 1, '16:00', 60, 76, 1),
(489802, 17, '2021-02-10', 1, 20, '15:00', 60, 105, 1),
(45001, 18, '2021-02-10', 1, 20, '09:45', 60, 68, 1),
(645102, 19, '2021-02-08', 1, 1, '16:00', 60, 76, 1),
(60101, 20, '2021-02-08', 1, 20, '15:00', 60, 65, 1),
(701601, 21, '2021-02-08', 1, 1, '08:30', 60, 62, 1),
(792001, 22, '2021-02-08', 1, 1, '14:00', 60, 76, 1),
(655502, 23, '2021-02-05', 1, 1, '11:00', 60, 10, 1),
(489201, 24, '2021-02-05', 1, 1, '08:30', 60, 62, 1),
(697801, 25, '2021-02-05', 1, 1, '10:00', 60, 68, 1),
(762101, 26, '2021-02-04', 4, 1, '09:00', 30, 62, 1),
(308202, 27, '2021-02-04', 1, 20, '09:30', 60, 72, 1),
(774001, 28, '2021-02-03', 1, 1, '09:30', 60, 0, 1),
(361903, 29, '2021-02-03', 1, 1, '08:30', 60, 62, 1),
(653401, 30, '2021-02-03', 1, 1, '10:30', 60, 76, 1),
(281402, 31, '2021-02-01', 1, 1, '08:30', 60, 155, 1),
(419204, 32, '2021-02-01', 1, 1, '14:00', 60, 68, 1),
(633003, 33, '2021-02-01', 1, 1, '15:00', 60, 158, 1),
(207201, 34, '2021-01-29', 1, 20, '13:00', 60, 71, 1),
(397301, 35, '2021-01-29', 1, 20, '14:00', 60, 71, 1),
(598801, 36, '2021-01-29', 1, 20, '08:30', 60, 76, 1),
(472301, 37, '2021-01-29', 1, 1, '15:00', 60, 155, 1),
(423901, 38, '2021-01-29', 1, 1, '16:00', 60, 76, 1),
(550402, 39, '2021-01-28', 1, 20, '13:00', 60, 76, 1),
(550401, 40, '2021-01-28', 1, 20, '14:00', 60, 76, 1),
(489801, 41, '2021-01-28', 1, 20, '16:00', 60, 76, 1),
(635802, 42, '2021-01-28', 4, 1, '15:30', 30, 62, 1),
(205801, 43, '2021-01-28', 1, 20, '10:00', 30, 131, 1),
(205801, 44, '2021-01-28', 1, 1, '10:00', 30, 24, 1),
(791101, 45, '2021-01-28', 3, 1, '15:00', 30, 91, 1),
(147102, 46, '2021-01-27', 1, 20, '14:00', 60, 76, 1),
(694701, 47, '2021-01-27', 1, 1, '08:30', 30, 10, 1),
(694701, 48, '2021-01-27', 1, 20, '08:30', 30, 115, 1),
(414701, 49, '2021-01-26', 1, 20, '14:00', 60, 66.36, 1),
(94701, 50, '2021-01-25', 1, 20, '08:30', 30, 167, 1),
(491001, 51, '2021-01-25', 1, 1, '15:00', 60, 76, 1),
(710501, 52, '2021-01-25', 1, 1, '09:30', 60, 76, 1),
(94701, 53, '2021-01-25', 1, 1, '08:30', 30, 33, 1),
(575301, 54, '2021-01-25', 1, 1, '16:00', 30, 46, 1),
(590503, 55, '2021-01-25', 1, 1, '16:30', 45, 46, 1),
(473501, 56, '2021-01-22', 1, 1, '14:00', 60, 76, 1),
(680401, 57, '2021-01-22', 1, 1, '10:00', 60, 62, 1),
(468301, 58, '2021-01-22', 1, 1, '09:00', 60, 65, 1),
(240804, 59, '2021-01-22', 1, 20, '16:00', 60, 76, 1),
(722601, 60, '2021-01-22', 1, 1, '15:00', 60, 125, 1),
(505901, 61, '2021-01-22', 1, 1, '11:00', 60, 76, 1),
(384105, 62, '2021-01-21', 1, 20, '16:00', 60, 76, 1),
(771202, 63, '2021-01-20', 1, 1, '14:00', 45, 62, 1),
(254902, 64, '2021-01-20', 1, 20, '11:00', 60, 76, 1),
(434401, 65, '2021-01-20', 1, 20, '16:00', 60, 76, 1),
(709701, 66, '2021-01-20', 1, 20, '08:30', 60, 76, 1),
(391501, 67, '2021-01-20', 1, 20, '12:00', 60, 98, 1),
(645101, 68, '2021-01-18', 1, 1, '14:00', 60, 76, 1),
(624903, 69, '2021-01-18', 1, 1, '08:30', 60, 76, 1),
(391901, 70, '2021-01-18', 1, 20, '11:15', 60, 76, 1),
(421705, 71, '2021-01-18', 1, 20, '10:15', 60, 118, 1),
(108505, 72, '2021-01-15', 1, 20, '15:00', 60, 92, 1),
(430801, 73, '2021-01-14', 1, 16, '15:00', 60, 76, 1),
(482601, 74, '2021-01-13', 1, 1, '10:30', 60, 124, 1),
(777901, 75, '2021-01-11', 1, 1, '10:00', 60, 76, 1),
(5304, 76, '2021-01-11', 1, 20, '11:00', 60, 62, 1),
(422902, 77, '2021-01-11', 1, 20, '16:00', 60, 109, 1),
(488001, 78, '2021-01-11', 1, 20, '08:30', 60, 92, 1),
(108506, 79, '2021-01-11', 4, 1, '16:00', 45, 61, 1),
(656801, 80, '2021-01-08', 1, 20, '14:00', 30, 115, 1),
(656801, 81, '2021-01-08', 1, 1, '14:00', 30, 10, 1),
(613001, 82, '2021-01-08', 1, 1, '11:00', 60, 102, 1),
(736301, 83, '2021-01-08', 1, 1, '13:00', 60, 10, 1),
(600702, 84, '2021-01-07', 1, 1, '16:00', 60, 125, 1),
(281401, 85, '2021-01-06', 1, 1, '16:00', 60, 76, 1),
(778501, 86, '2021-01-04', 2, 1, '09:00', 45, 62, 1),
(497002, 87, '2020-12-28', 2, 1, '08:30', 45, 0, 1),
(108501, 88, '2020-12-28', 2, 1, '09:30', 105, 1796, 1),
(756304, 89, '2020-12-28', 1, 1, '10:00', 60, 76, 1),
(108501, 90, '2020-12-28', 1, 20, '08:30', 60, 76, 1),
(53805, 91, '2020-12-24', 1, 20, '11:00', 60, 109, 1),
(669901, 92, '2020-12-21', 1, 1, '12:00', 60, 62, 1),
(309703, 93, '2020-12-21', 1, 1, '09:30', 60, 104, 1),
(336604, 94, '2020-12-21', 1, 1, '15:00', 60, 76, 1),
(336601, 95, '2020-12-21', 1, 20, '14:00', 60, 76, 1),
(336605, 96, '2020-12-21', 1, 1, '16:00', 60, 76, 1),
(625001, 97, '2020-12-18', 1, 1, '11:00', 60, 115, 1),
(755301, 98, '2020-12-18', 1, 1, '12:00', 60, 92, 1),
(88601, 99, '2020-12-18', 4, 20, '10:00', 30, 115, 1),
(88601, 100, '2020-12-18', 4, 1, '10:00', 30, 10, 1),
(625009, 101, '2020-12-18', 4, 1, '11:00', 60, 115, 1),
(240803, 102, '2020-12-17', 1, 20, '15:00', 60, 76, 1),
(240801, 103, '2020-12-17', 1, 2, '16:00', 60, 76, 1),
(649401, 104, '2020-12-16', 1, 20, '14:00', 60, 197, 1),
(419201, 105, '2020-12-14', 1, 20, '08:30', 60, 68, 1),
(259701, 106, '2020-12-14', 1, 20, '16:00', 60, 76, 1),
(705502, 107, '2020-12-11', 1, 1, '16:00', 60, 62, 1),
(392501, 108, '2020-12-11', 1, 1, '15:00', 60, 65, 1),
(473402, 109, '2020-12-10', 1, 20, '12:00', 60, 158, 1),
(259801, 110, '2020-12-07', 1, 20, '10:00', 60, 92, 1),
(156701, 111, '2020-12-07', 3, 23, '09:00', 60, 76, 1),
(105402, 112, '2020-12-04', 1, 20, '08:30', 60, 157, 1),
(424201, 113, '2020-12-02', 1, 20, '08:30', 30, 0, 1),
(424201, 114, '2020-12-02', 1, 1, '08:30', 30, 0, 1),
(790602, 115, '2020-12-02', 2, 1, '15:30', 90, 1765, 1),
(356301, 116, '2020-11-30', 1, 20, '08:30', 60, 80, 1),
(422001, 117, '2020-11-30', 1, 20, '16:00', 60, 157, 1),
(420001, 118, '2020-11-30', 1, 20, '11:00', 60, 153, 1),
(778301, 119, '2020-11-24', 1, 1, '08:30', 60, 213, 1),
(672401, 120, '2020-11-23', 1, 1, '14:00', 60, 68, 1),
(410201, 121, '2020-11-20', 1, 1, '08:30', 60, 105, 1),
(424201, 122, '2020-11-19', 1, 1, '08:15', 60, 250, 1),
(726901, 123, '2020-11-19', 1, 1, '14:00', 60, 76, 1),
(20801, 124, '2020-11-18', 1, 20, '16:00', 60, 92, 1),
(77001, 125, '2020-11-18', 1, 20, '11:00', 60, 103, 1),
(728201, 126, '2020-11-18', 1, 1, '12:45', 60, 165, 1),
(790801, 127, '2020-11-18', 1, 1, '08:30', 60, 197, 1),
(267901, 128, '2020-11-16', 1, 20, '16:00', 60, 76, 1),
(105501, 129, '2020-11-16', 1, 20, '08:30', 60, 62, 1),
(753801, 130, '2020-11-16', 1, 1, '15:00', 60, 105, 1),
(730703, 131, '2020-11-13', 1, 1, '14:00', 60, 125, 1),
(57803, 132, '2020-11-09', 1, 20, '11:00', 60, 223, 1),
(526201, 133, '2020-11-09', 1, 1, '08:30', 60, 76, 1),
(790801, 134, '2020-11-09', 1, 1, '09:30', 60, 197, 1),
(338202, 135, '2020-10-27', 2, 1, '08:30', 75, 432, 1),
(146704, 136, '2020-10-21', 2, 1, '10:30', 15, 0, 1),
(340901, 137, '2020-10-21', 1, 1, '11:00', 60, 68, 1),
(336604, 138, '2020-10-21', 2, 1, '14:00', 30, 0, 1),
(637001, 139, '2020-10-16', 1, 20, '10:00', 60, 76, 1),
(774001, 140, '2020-10-12', 2, 1, '08:30', 30, 0, 1),
(764901, 141, '2020-10-12', 1, 1, '15:00', 60, 205, 1),
(692801, 142, '2020-10-09', 1, 20, '15:00', 60, 76, 1),
(6001, 143, '2020-10-09', 1, 20, '08:30', 60, 197, 1),
(756201, 144, '2020-10-08', 2, 1, '06:30', 195, 700, 1),
(777001, 145, '2020-09-29', 2, 1, '05:30', 150, 700, 1),
(759302, 146, '2020-09-28', 1, 1, '09:00', 60, 196, 1),
(759302, 147, '2020-09-28', 2, 1, '10:00', 60, 0, 1),
(784001, 148, '2020-09-28', 1, 1, '16:00', 60, 92, 1),
(746901, 149, '2020-09-25', 1, 1, '08:30', 45, 115, 1),
(708401, 150, '2020-09-24', 1, 1, '11:00', 90, 270, 1),
(435403, 151, '2020-09-24', 1, 20, '16:00', 60, 109, 1),
(462101, 152, '2020-09-24', 1, 1, '14:30', 90, 284, 1),
(462101, 153, '2020-09-23', 1, 1, '14:30', 90, 284, 1),
(465701, 154, '2020-09-21', 1, 1, '08:30', 45, 328, 1),
(344804, 155, '2020-09-21', 1, 1, '11:15', 30, 0, 1),
(344804, 156, '2020-09-21', 1, 20, '11:15', 30, 71, 1),
(785101, 157, '2020-09-21', 1, 1, '09:15', 90, 616, 1),
(785101, 158, '2020-09-21', 2, 1, '08:30', 30, 0, 1),
(716401, 159, '2020-09-18', 1, 1, '10:00', 60, 170, 1),
(53803, 160, '2020-09-18', 1, 20, '08:30', 60, 109, 1),
(332501, 161, '2020-09-18', 1, 2, '14:00', 45, 76, 1),
(587501, 162, '2020-09-18', 1, 1, '11:00', 60, 10, 1),
(722301, 163, '2020-09-18', 1, 20, '16:00', 60, 76, 1),
(794401, 164, '2020-09-18', 2, 1, '11:30', 195, 400, 1),
(655101, 165, '2020-09-18', 1, 20, '13:00', 60, 10, 1),
(793001, 166, '2020-09-18', 2, 1, '08:00', 180, 400, 1),
(793601, 167, '2020-09-17', 1, 1, '15:30', 90, 210, 1),
(426103, 168, '2020-09-17', 1, 1, '09:15', 60, 76, 1),
(725903, 169, '2020-09-17', 1, 1, '10:15', 60, 68, 1),
(16102, 170, '2020-09-17', 1, 1, '14:00', 60, 162, 1),
(507501, 171, '2020-09-16', 3, 1, '16:15', 45, 62, 1),
(699201, 172, '2020-09-16', 1, 20, '10:15', 60, 62, 1),
(61801, 173, '2020-09-16', 2, 1, '09:30', 45, 156, 1),
(61801, 174, '2020-09-16', 1, 20, '08:30', 60, 103, 1),
(300601, 175, '2020-09-16', 1, 1, '15:00', 60, 105, 1),
(300602, 176, '2020-09-16', 3, 1, '15:30', 45, 62, 1),
(786701, 177, '2020-09-16', 1, 1, '13:00', 60, 211, 1),
(300603, 178, '2020-09-16', 3, 1, '15:00', 30, 62, 1),
(545601, 179, '2020-09-14', 1, 1, '14:15', 45, 76, 1),
(721001, 180, '2020-09-14', 1, 1, '10:15', 45, 197, 1),
(782201, 181, '2020-09-14', 1, 1, '15:00', 60, 76, 1),
(161502, 182, '2020-09-14', 1, 20, '13:30', 45, 76, 1),
(558601, 183, '2020-09-14', 1, 1, '09:30', 45, 76, 1),
(779901, 184, '2020-09-14', 1, 1, '16:00', 60, 68, 1),
(624902, 185, '2020-09-14', 1, 20, '08:30', 60, 124, 1),
(545601, 186, '2020-09-14', 2, 1, '15:00', 60, 128, 1),
(516003, 187, '2020-09-11', 3, 1, '10:00', 30, 0, 1),
(60101, 188, '2020-09-09', 2, 1, '15:00', 90, 2675, 1),
(508802, 189, '2020-09-09', 1, 1, '12:00', 60, 157, 1),
(71202, 190, '2020-09-09', 1, 1, '11:00', 60, 85, 1),
(725501, 191, '2020-09-09', 1, 20, '16:00', 60, 115, 1),
(657901, 192, '2020-09-09', 4, 1, '15:00', 60, 115, 1),
(139701, 193, '2020-09-09', 1, 20, '10:00', 60, 158, 1),
(414701, 194, '2020-09-09', 2, 20, '14:00', 30, 49.1, 1),
(786702, 195, '2020-09-09', 1, 1, '09:00', 60, 211, 1),
(624902, 196, '2020-09-08', 2, 1, '11:00', 30, 0, 1),
(775401, 197, '2020-09-08', 4, 1, '10:00', 45, 0, 1),
(511001, 198, '2020-09-04', 2, 1, '09:30', 210, 700, 1),
(678901, 199, '2020-09-04', 1, 1, '11:00', 60, 83, 1),
(756002, 200, '2020-09-04', 1, 1, '09:30', 60, 68, 1),
(542605, 201, '2020-09-04', 1, 20, '08:30', 60, 76, 1),
(714001, 202, '2020-09-04', 4, 20, '15:00', 60, 197, 1),
(714101, 203, '2020-09-04', 4, 1, '14:00', 60, 115, 1),
(792301, 204, '2020-09-04', 2, 1, '06:30', 180, 700, 1),
(550801, 205, '2020-09-04', 1, 1, '14:00', 60, 83, 1),
(100205, 206, '2020-09-03', 2, 1, '15:30', 45, 100, 1),
(100205, 207, '2020-09-03', 1, 20, '14:00', 90, 270, 1),
(91101, 208, '2020-09-03', 1, 20, '11:00', 60, 76, 1),
(783601, 209, '2020-09-03', 1, 1, '10:00', 60, 92, 1),
(683901, 210, '2020-09-03', 1, 1, '12:00', 60, 76, 1),
(788601, 211, '2020-09-02', 2, 1, '14:00', 45, 0, 1),
(788601, 212, '2020-09-02', 1, 1, '13:00', 60, 71, 1),
(145601, 213, '2020-09-02', 1, 1, '08:30', 60, 184, 1),
(158301, 214, '2020-09-02', 1, 20, '10:00', 30, 87, 1),
(158301, 215, '2020-09-02', 1, 1, '10:00', 30, 0, 1),
(576601, 216, '2020-09-02', 2, 1, '15:00', 60, 138, 1),
(694701, 217, '2020-09-02', 2, 1, '08:30', 45, 85, 1),
(600201, 218, '2020-09-02', 1, 20, '15:00', 30, 157, 1),
(600201, 219, '2020-09-02', 1, 1, '15:00', 30, 250, 1),
(793001, 220, '2020-08-31', 2, 1, '12:00', 180, 400, 1),
(380701, 221, '2020-08-31', 3, 1, '14:00', 45, 0, 1),
(267901, 222, '2020-08-31', 2, 1, '16:00', 45, 0, 1),
(701601, 223, '2020-08-31', 4, 1, '08:30', 45, 78, 1),
(527803, 224, '2020-08-31', 1, 23, '16:00', 60, 185, 1),
(791501, 225, '2020-08-31', 2, 1, '08:30', 165, 400, 1),
(688603, 226, '2020-08-28', 2, 1, '09:15', 30, 104, 1),
(761802, 227, '2020-08-28', 1, 1, '10:00', 60, 155, 1),
(753701, 228, '2020-08-28', 3, 1, '10:00', 60, 240, 1),
(732201, 229, '2020-08-28', 2, 1, '08:30', 30, 0, 1),
(100204, 230, '2020-08-28', 1, 20, '16:00', 30, 105, 1),
(100204, 231, '2020-08-28', 1, 1, '16:00', 30, 0, 1),
(662603, 232, '2020-08-28', 1, 1, '12:00', 45, 213, 1),
(662602, 233, '2020-08-28', 1, 1, '11:30', 30, 199, 1),
(662601, 234, '2020-08-28', 1, 1, '11:00', 30, 213, 1),
(405302, 235, '2020-08-28', 1, 20, '12:45', 30, 76, 1),
(679201, 236, '2020-08-28', 4, 1, '15:00', 60, 125, 1),
(344501, 237, '2020-08-28', 1, 1, '08:30', 60, 103, 1),
(714301, 238, '2020-08-28', 4, 1, '14:00', 60, 345, 1),
(678502, 239, '2020-08-27', 2, 1, '14:00', 60, 0, 1),
(83202, 240, '2020-08-27', 1, 20, '16:00', 60, 87, 1),
(643702, 241, '2020-08-27', 1, 20, '15:00', 30, 105, 1),
(643702, 242, '2020-08-27', 1, 1, '15:00', 30, 0, 1),
(668401, 243, '2020-08-27', 1, 20, '08:30', 23, 92, 1),
(773201, 244, '2020-08-27', 1, 1, '14:00', 60, 213, 1),
(791401, 245, '2020-08-27', 4, 1, '11:30', 45, 115, 1),
(791402, 246, '2020-08-27', 4, 1, '12:15', 60, 0, 1),
(53501, 247, '2020-08-27', 1, 2, '10:45', 30, 230, 1),
(53501, 248, '2020-08-27', 1, 1, '10:45', 30, 105, 1),
(744001, 249, '2020-08-27', 1, 1, '09:15', 60, 335, 1),
(790401, 250, '2020-08-27', 2, 1, '09:15', 45, 0, 1),
(57801, 251, '2020-08-27', 1, 20, '11:45', 60, 103, 1),
(471001, 252, '2020-08-27', 2, 1, '08:30', 45, 0, 1),
(424903, 253, '2020-08-27', 4, 1, '15:00', 45, 130, 1),
(424902, 254, '2020-08-27', 4, 1, '15:45', 45, 130, 1),
(783401, 255, '2020-08-27', 3, 1, '11:15', 60, 62, 1),
(629201, 256, '2020-08-27', 3, 1, '08:30', 60, 76, 1),
(668401, 257, '2020-08-27', 1, 1, '08:30', 23, 250, 1),
(252701, 258, '2020-08-26', 2, 20, '09:00', 120, 3464, 1),
(680801, 259, '2020-08-26', 1, 1, '16:00', 60, 365, 1),
(694801, 260, '2020-08-26', 1, 1, '09:30', 60, 148, 1),
(632001, 261, '2020-08-26', 1, 1, '08:30', 60, 76, 1),
(159801, 262, '2020-08-26', 1, 20, '15:00', 30, 175, 1),
(694801, 263, '2020-08-26', 3, 1, '10:30', 60, 0, 1),
(539501, 264, '2020-08-26', 1, 1, '10:30', 60, 76, 1),
(65503, 265, '2020-08-26', 1, 20, '13:00', 30, 180, 1),
(159801, 266, '2020-08-26', 1, 1, '15:00', 30, 82, 1),
(65503, 267, '2020-08-26', 1, 1, '13:00', 30, 83, 1),
(327701, 268, '2020-08-26', 1, 20, '11:30', 60, 92, 1),
(495102, 269, '2020-08-25', 2, 1, '15:00', 45, 0, 1),
(236801, 270, '2020-08-24', 1, 1, '14:00', 30, 33, 1),
(236801, 271, '2020-08-24', 1, 20, '14:00', 30, 240, 1),
(750701, 272, '2020-08-24', 2, 1, '09:15', 30, 0, 1),
(647401, 273, '2020-08-24', 1, 1, '08:30', 60, 335, 1),
(647201, 274, '2020-08-24', 1, 1, '09:30', 60, 263, 1),
(647201, 275, '2020-08-24', 2, 1, '08:30', 30, 0, 1),
(669901, 276, '2020-08-24', 1, 1, '10:45', 60, 62, 1),
(780001, 277, '2020-08-24', 1, 1, '16:00', 60, 62, 1),
(702801, 278, '2020-08-24', 1, 20, '11:45', 30, 148, 1),
(533301, 279, '2020-08-24', 1, 1, '15:00', 60, 242, 1),
(702801, 280, '2020-08-24', 2, 1, '12:45', 75, 78, 1),
(702801, 281, '2020-08-24', 1, 1, '11:45', 30, 14, 1),
(687101, 282, '2020-08-24', 3, 1, '08:30', 30, 105, 1),
(687101, 283, '2020-08-24', 3, 20, '08:30', 30, 230, 1),
(768502, 284, '2020-08-24', 3, 1, '10:00', 60, 62, 1),
(772001, 285, '2020-08-21', 1, 1, '15:00', 60, 180, 1),
(754901, 286, '2020-08-21', 2, 1, '13:00', 60, 302, 1),
(762101, 287, '2020-08-21', 2, 1, '15:45', 75, 414, 1),
(761801, 288, '2020-08-21', 4, 1, '12:00', 60, 345, 1),
(754901, 289, '2020-08-21', 1, 1, '12:00', 60, 174, 1),
(792101, 290, '2020-08-21', 2, 1, '15:00', 45, 0, 1),
(792101, 291, '2020-08-21', 1, 1, '14:00', 60, 136, 1),
(532702, 292, '2020-08-21', 1, 1, '11:00', 60, 76, 1),
(762501, 293, '2020-08-21', 4, 1, '09:30', 45, 338, 1),
(645801, 294, '2020-08-21', 4, 1, '10:15', 23, 10, 1),
(645801, 295, '2020-08-21', 4, 20, '10:15', 23, 115, 1),
(532701, 296, '2020-08-21', 2, 1, '08:30', 60, 76, 1),
(655301, 297, '2020-08-21', 2, 1, '14:00', 30, 10, 1),
(672301, 298, '2020-08-21', 1, 1, '16:00', 60, 335, 1),
(655301, 299, '2020-08-21', 2, 20, '14:00', 30, 115, 1),
(419803, 300, '2020-08-20', 3, 1, '13:30', 30, 62, 1),
(794201, 301, '2020-08-20', 2, 1, '11:00', 30, 150, 1),
(590501, 302, '2020-08-20', 1, 1, '10:00', 60, 134, 1),
(166403, 303, '2020-08-20', 1, 1, '13:00', 60, 0, 1),
(36703, 304, '2020-08-20', 1, 20, '15:00', 30, 180, 1),
(36703, 305, '2020-08-20', 1, 1, '15:00', 30, 333, 1),
(490701, 306, '2020-08-20', 1, 1, '08:30', 30, 105, 1),
(36701, 307, '2020-08-20', 1, 20, '14:00', 30, 92, 1),
(36701, 308, '2020-08-20', 1, 1, '14:00', 30, 250, 1),
(490701, 309, '2020-08-20', 1, 20, '08:30', 30, 312, 1),
(166403, 310, '2020-08-20', 2, 1, '12:30', 30, 250, 1),
(790402, 311, '2020-08-20', 2, 1, '08:30', 75, 376, 1),
(762701, 312, '2020-08-20', 3, 1, '16:00', 60, 328, 1),
(419802, 313, '2020-08-20', 3, 1, '13:00', 30, 62, 1),
(794302, 314, '2020-08-20', 1, 1, '16:00', 60, 115, 1),
(794302, 315, '2020-08-20', 2, 1, '15:30', 30, 251, 1),
(161501, 316, '2020-08-20', 2, 1, '14:00', 45, 0, 1),
(36701, 317, '2020-08-20', 3, 1, '15:00', 30, 0, 1),
(336602, 318, '2020-08-19', 1, 1, '15:00', 90, 270, 1),
(786801, 319, '2020-08-19', 2, 1, '13:00', 60, 317, 1),
(775601, 320, '2020-08-19', 2, 1, '09:00', 30, 10, 1),
(93904, 321, '2020-08-19', 1, 1, '13:15', 30, 88, 1),
(93904, 322, '2020-08-19', 1, 20, '13:15', 30, 125, 1),
(339801, 323, '2020-08-19', 2, 1, '10:30', 30, 0, 1),
(544501, 324, '2020-08-19', 2, 1, '16:00', 60, 163, 1),
(301101, 325, '2020-08-19', 2, 1, '09:30', 45, 100, 1),
(433201, 326, '2020-08-19', 2, 1, '08:30', 30, 0, 1),
(251801, 327, '2020-08-19', 1, 20, '12:30', 23, 96, 1),
(251801, 328, '2020-08-19', 1, 1, '12:30', 23, 0, 1),
(693801, 329, '2020-08-18', 2, 1, '13:00', 45, 159, 1),
(643703, 330, '2020-08-18', 3, 1, '09:00', 30, 0, 1),
(776001, 331, '2020-08-18', 2, 1, '11:00', 45, 225, 1),
(756002, 332, '2020-08-18', 2, 1, '09:00', 90, 0, 1),
(594701, 333, '2020-08-18', 2, 1, '14:00', 75, 307, 1),
(439401, 334, '2020-08-18', 2, 1, '08:30', 30, 0, 1),
(633001, 335, '2020-08-18', 3, 1, '10:00', 30, 0, 1),
(643701, 336, '2020-08-18', 4, 1, '08:30', 45, 296, 1),
(672701, 337, '2020-08-17', 1, 1, '16:00', 60, 197, 1),
(591903, 338, '2020-08-17', 1, 1, '15:00', 60, 497, 1),
(793401, 339, '2020-08-17', 2, 1, '16:00', 60, 750, 1),
(752601, 340, '2020-08-17', 2, 1, '14:00', 30, 0, 1),
(790601, 341, '2020-08-17', 2, 1, '08:30', 60, 1610, 1),
(254902, 342, '2020-08-17', 3, 1, '12:00', 30, 0, 1),
(473401, 343, '2020-08-17', 1, 20, '13:00', 30, 92, 1),
(8301, 344, '2020-08-17', 1, 1, '09:45', 60, 203, 1),
(791601, 345, '2020-08-17', 2, 1, '10:15', 60, 349, 1),
(473401, 346, '2020-08-17', 1, 1, '13:00', 30, 250, 1),
(88602, 347, '2020-08-17', 1, 1, '10:45', 30, 10, 1),
(88602, 348, '2020-08-17', 1, 20, '10:45', 30, 0, 1),
(711001, 349, '2020-08-17', 3, 1, '10:00', 30, 0, 1),
(591901, 350, '2020-08-17', 1, 1, '14:00', 60, 71, 1),
(398405, 351, '2020-08-17', 3, 20, '16:00', 60, 76, 1),
(88602, 352, '2020-08-17', 2, 20, '09:30', 23, 115, 1),
(503701, 353, '2020-08-17', 2, 1, '13:00', 45, 66, 1),
(419204, 354, '2020-08-17', 2, 1, '14:30', 90, 724, 1),
(591902, 355, '2020-08-17', 4, 1, '16:00', 30, 49, 1),
(88602, 356, '2020-08-17', 2, 1, '09:30', 23, 105, 1),
(710501, 357, '2020-08-17', 2, 1, '11:15', 30, 0, 1),
(780701, 358, '2020-08-17', 3, 1, '09:00', 30, 0, 1),
(794501, 359, '2020-08-14', 3, 1, '14:00', 75, 603, 1),
(794501, 360, '2020-08-14', 1, 1, '13:00', 60, 76, 1),
(547401, 361, '2020-08-14', 2, 1, '08:00', 120, 400, 1),
(361603, 362, '2020-08-14', 1, 1, '16:00', 30, 82, 1),
(361603, 363, '2020-08-14', 1, 20, '16:00', 30, 131, 1),
(368002, 364, '2020-08-14', 1, 1, '08:30', 60, 76, 1),
(794001, 365, '2020-08-14', 2, 1, '10:30', 210, 400, 1),
(117401, 366, '2020-08-14', 2, 1, '15:00', 15, 82, 1),
(117401, 367, '2020-08-14', 2, 20, '15:00', 15, 55, 1),
(389501, 368, '2020-08-14', 1, 2, '15:00', 60, 66.36, 1),
(461001, 369, '2020-08-14', 4, 1, '16:00', 60, 76, 1),
(461002, 370, '2020-08-14', 4, 1, '15:00', 60, 196, 1),
(558501, 371, '2020-08-14', 1, 1, '09:45', 60, 105, 1),
(421201, 372, '2020-08-14', 1, 1, '14:00', 60, 140, 1),
(794701, 373, '2020-08-14', 2, 1, '15:30', 30, 100, 1),
(730702, 374, '2020-08-14', 4, 1, '10:45', 60, 0, 1),
(649204, 375, '2020-08-14', 1, 1, '11:00', 60, 100, 1),
(787201, 376, '2020-08-13', 2, 1, '11:30', 120, 2654, 1),
(660201, 377, '2020-08-13', 1, 20, '14:00', 30, 116, 1),
(388603, 378, '2020-08-13', 1, 20, '15:00', 30, 138, 1);

-- --------------------------------------------------------

--
-- Table structure for table `clinicinfo`
--

CREATE TABLE IF NOT EXISTS `clinicinfo` (
  `clinicid` int(11) NOT NULL,
  `clinicname` varchar(200) DEFAULT NULL,
  `city` varchar(100) DEFAULT NULL,
  `state` varchar(100) DEFAULT NULL,
  PRIMARY KEY (`clinicid`)
) ENGINE=InnoDB DEFAULT CHARSET=latin1;

--
-- Dumping data for table `clinicinfo`
--

INSERT INTO `clinicinfo` (`clinicid`, `clinicname`, `city`, `state`) VALUES
(1, '***noitaroproc latn akkis***', '***esoj nas***', '***ac***'),
(2, '***ntryohroproc latn atudgsfs***', '***esoj nas***', '***ac***');

-- --------------------------------------------------------

--
-- Table structure for table `doctorinfo`
--

CREATE TABLE IF NOT EXISTS `doctorinfo` (
  `IDNo` int(11) NOT NULL DEFAULT '0',
  `lastname` varchar(100) DEFAULT NULL,
  `firstname` varchar(100) DEFAULT NULL,
  `city` varchar(100) DEFAULT NULL,
  `state` varchar(100) DEFAULT NULL,
  `clinicid` int(11) DEFAULT NULL,
  PRIMARY KEY (`IDNo`)
) ENGINE=InnoDB DEFAULT CHARSET=latin1;

--
-- Dumping data for table `doctorinfo`
--

INSERT INTO `doctorinfo` (`IDNo`, `lastname`, `firstname`, `city`, `state`, `clinicid`) VALUES
(1, '***akkis***', '***ihdin***', '***esoj nas***', '***ac***', 1),
(2, '******', '******', '***esoj nas***', '***ac***', 1),
(3, '******', '******', '***esoj nas***', '***ac***', 2),
(12, '***evitcani***', '******', '***esoj nas***', '***ac***', 1),
(13, '***akkis***', '***.rd***', '***esoj nas***', '***ac***', 1),
(14, '***hcneb***', '***divad***', '***esoj nas***', '***ac***', 1),
(15, '***aim***', '******', '***esoj nas***', '***ac***', 2),
(16, '***airravahc***', '***enaid***', '***esoj nas***', '***ac***', 2),
(17, '***zenitram***', '***ainos***', '***esoj nas***', '***ac***', 2),
(18, '***azne***', '******', '***esoj nas***', '***ac***', 2),
(19, '***ys***', '***llyrehc***', '***esoj nas***', '***ac***', 2),
(20, '***asagar***', '***enitsuj***', '***esoj nas***', '***ac***', 2),
(21, '***ivel***', '***elleinad***', '***esoj nas***', '***ac***', 1),
(22, '***hahs***', '***inahus***', '***esoj nas***', '***ac***', 1),
(23, '***ahttahc***', '***teerpnom***', '***esoj nas***', '***ac***', 1),
(24, '***ahttahc***', '***teerpnom***', '***esoj nas***', '***ac***', 1),
(25, '***naod***', '***yvi***', '***esoj nas***', '***ac***', 1),
(26, '***nosnikcid***', '***aicirtap***', '***esoj nas***', '***ac***', 1),
(27, '***godiba***', '***akilegna***', '***esoj nas***', '***ac***', 2),
(28, '***iloposab***', '***aztiram***', '***esoj nas***', '***ac***', 1),
(29, '***lagirdam***', '***nimzaj***', '***esoj nas***', '***ac***', 1),
(30, '***deys magleb***', '***aizahs***', '***esoj nas***', '***ac***', 1),
(31, '***zenemij***', '***ysiad***', '***esoj nas***', '***ac***', 1),
(32, '***deys magleb***', '***aizahs***', '***esoj nas***', '***ac***', 1);

-- --------------------------------------------------------

--
-- Table structure for table `patientinfo`
--

CREATE TABLE IF NOT EXISTS `patientinfo` (
  `PatID` int(11) NOT NULL DEFAULT '0',
  `practiceid` int(11) DEFAULT NULL,
  `lastname` varchar(100) DEFAULT NULL,
  `firstname` varchar(100) DEFAULT NULL,
  `city` varchar(100) DEFAULT NULL,
  `state` varchar(50) DEFAULT NULL,
  `gender` varchar(50) DEFAULT NULL,
  `patientagegroup` varchar(100) DEFAULT NULL,
  `birthdate` date DEFAULT NULL,
  `age` int(11) DEFAULT NULL,
  PRIMARY KEY (`PatID`)
) ENGINE=InnoDB DEFAULT CHARSET=latin1;

--
-- Dumping data for table `patientinfo`
--

INSERT INTO `patientinfo` (`PatID`, `practiceid`, `lastname`, `firstname`, `city`, `state`, `gender`, `patientagegroup`, `birthdate`, `age`) VALUES
(5201, 1, '***tina***', '***ongineb***', '***esoj nas***', '***ac***', 'Male', 'Adult', '2001-07-18', 19),
(5304, 2, '***etna***', '***aivlys***', '***esoj nas***', '***ac***', 'Female', 'Adult', '1991-08-07', 29),
(5502, 2, '***namelppa***', '***sillyhp***', '***satiplim***', '***ac***', 'Female', 'Minor', '2014-01-24', 7),
(8301, 2, '***alaya***', '***oinotna***', '***esoj nas***', '***ac***', 'Male', 'Adult', '1994-11-11', 26),
(13802, 2, '***itteb***', '***anait***', '***esoj nas***', '***ac***', 'Female', 'Adult', '1991-04-18', 30),
(13806, 1, '***itteb***', '***nitsuj***', '***esoj nas***', '***ac***', 'Female', 'Minor', '2014-01-24', 7),
(20801, 2, '***ahniparac***', '***nhoj***', '***nitram nas***', '***ac***', 'Male', 'Adult', '1991-09-13', 29),
(24301, 1, '***yrhduahc***', '***hsedus***', '***esoj nas***', '***ac***', 'Female', 'Minor', '2009-10-16', 11),
(24702, 1, '***zevahc***', '***orrocos***', '***esoj nas***', '***ac***', 'Female', 'Adult', '2001-06-29', 19),
(28303, 1, '***ayana***', '***adnaloy***', '***esoj nas***', '***ac***', 'Female', 'Adult', '1992-11-19', 28),
(30801, 1, '***zurc***', '***trebor***', '***esoj nas***', '***ac***', 'Male', 'Adult', '1995-08-26', 25),
(33201, 1, '***adrec al ed***', '***werdna***', '***esoj nas***', '***ac***', 'Male', 'Adult', '1991-11-19', 29),
(33203, 2, '***adrec al ed***', '***yram***', '***esoj nas***', '***ac***', 'Female', 'Minor', '2006-10-30', 14),
(33205, 1, '***adrec al ed***', '***eiznekcam***', '***esoj nas***', '***ac***', 'Female', 'Adult', '1996-04-14', 25),
(36701, 2, '***utnac***', '***yramesor***', '***esoj nas***', '***ac***', 'Female', 'Minor', '2011-04-19', 10),
(45001, 1, '***satierf***', '***airam***', '***esoj nas***', '***ac***', 'Female', 'Adult', '1990-07-10', 30),
(45301, 1, '***nosreirf***', '***lihp***', '***llih nagrom***', '***ac***', 'Male', 'Adult', '1999-07-10', 21),
(49401, 2, '***rialcnis***', '***yhtorod***', '***llih nagrom***', '***ac***', 'Female', 'Minor', '2015-11-05', 5),
(53001, 1, '***zelaznog***', '***aleunam***', '***esoj nas***', '***ac***', 'Female', 'Adult', '2001-04-08', 20),
(53501, 1, '***traluog***', '***airam***', '***esoj nas***', '***ac***', 'Female', 'Adult', '1991-06-04', 29),
(53803, 1, '***adanarg***', '***ailama***', '***esoj nas***', '***ac***', 'Female', 'Adult', '1991-08-07', 29),
(53805, 2, '***adanarg***', '***akire***', '***esoj nas***', '***ac***', 'Female', 'Adult', '1991-04-18', 30),
(57801, 1, '***sirrah***', '***aihtnyc***', '***esoj nas***', '***ac***', 'Female', 'Minor', '2008-08-26', 12),
(57803, 2, '***sirrah***', '***enneirda***', '***esoj nas***', '***ac***', 'Female', 'Adult', '1996-09-30', 24),
(60101, 2, '***yrneh***', '***enelra***', '***esoj nas***', '***ac***', 'Female', 'Minor', '2009-02-15', 12),
(61801, 1, '***rj arerreh***', '***divad***', '***notnasaelp***', '***ac***', 'Male', 'Adult', '1992-11-19', 28),
(63701, 2, '***egdoh***', '***ettennel***', '***esoj nas***', '***ac***', 'Female', 'Adult', '2003-04-18', 18),
(65503, 1, '***yelruh***', '***norahs***', '***esoj nas***', '***ac***', 'Female', 'Minor', '2015-03-22', 6),
(67603, 1, '***nesnej-naelem***', '***htur***', '***esoj nas***', '***ac***', 'Female', 'Adult', '1994-08-29', 26),
(71202, 1, '***ollaroc***', '***nek***', '***egnargal***', '***ac***', 'Male', 'Minor', '2008-02-18', 13),
(76001, 1, '***etniopal***', '***de***', '***llih nagrom***', '***ac***', 'Male', 'Adult', '1990-07-10', 30),
(77001, 2, '***nodrog***', '***ailez***', '***esoj nas***', '***ac***', 'Female', 'Adult', '1991-09-16', 29),
(83202, 1, '***ogul***', '***aihtnyc***', '***esoj nas***', '***ac***', 'Female', 'Minor', '2003-08-03', 17),
(83801, 1, '***mil***', '***anitsirc***', '***esoj nas***', '***ac***', 'Female', 'Adult', '1999-07-10', 21),
(84201, 2, '***odahcam***', '***essej***', '***esoj nas***', '***ac***', 'Male', 'Minor', '2017-03-06', 4),
(84202, 2, '***odahcam***', '***anna***', '***esoj nas***', '***ac***', 'Female', 'Adult', '1991-04-18', 30),
(85203, 2, '***iksejam***', '***rehpotsirhc***', '***esoj nas***', '***ac***', 'Male', 'Adult', '1998-05-14', 22),
(87301, 1, '***zenitram***', '***aznarepse***', '***esoj nas***', '***ac***', 'Female', 'Adult', '1999-07-10', 21),
(88101, 2, '***serolf***', '***enitsirhc***', '***esoj nas***', '***ac***', 'Female', 'Adult', '1991-04-18', 30),
(88601, 2, '***hsittam***', '***enna***', '***esoj nas***', '***ac***', 'Female', 'Adult', '1995-11-02', 25),
(88602, 2, '***hsittam***', '***sinned***', '***esoj nas***', '***ac***', 'Male', 'Adult', '2000-06-05', 20),
(91101, 1, '***aijem***', '***luap***', '***esoj nas***', '***ac***', 'Male', 'Adult', '1990-07-10', 30),
(94701, 2, '***adiarom***', '***adnilemre***', '***esoj nas***', '***ac***', 'Female', 'Adult', '2002-02-11', 19),
(100205, 2, '***htesivgnauen***', '***tikahtes***', '***tnomerf***', '***ac***', 'Male', 'Minor', '2011-04-19', 10),
(104701, 1, '***zadro***', '***ordnajela***', '***esoj nas***', '***ac***', 'Male', 'Adult', '1999-06-19', 21),
(105402, 2, '***zitro***', '***annaed***', '***esoj nas***', '***ac***', 'Female', 'Minor', '2010-12-12', 10),
(105501, 2, '***zitro***', '***esoj***', '***esoj nas***', '***ac***', 'Male', 'Minor', '2004-05-27', 16),
(106102, 2, '***ocehcap***', '***adnaloy***', '***esoj nas***', '***ac***', 'Female', 'Adult', '1995-08-26', 25),
(108501, 2, '***onitap***', '***alletse***', '***esoj nas***', '***ac***', 'Female', 'Adult', '1996-09-30', 24),
(108505, 2, '***onac***', '***acilegna***', '***esoj nas***', '***ac***', 'Female', 'Adult', '1991-01-15', 30),
(108506, 2, '***onac***', '***cinimod***', '***esoj nas***', '***ac***', 'Male', 'Minor', '2017-03-11', 4),
(116404, 2, '***yemar***', '***idnalem***', '***nomar nas***', '***ac***', 'Female', 'Adult', '1992-08-03', 28),
(118501, 1, '***legnar***', '***teragram***', '***esoj nas***', '***ac***', 'Female', 'Adult', '1992-11-19', 28),
(120304, 2, '***dnomder***', '***nevets***', '***esoj nas***', '***ac***', 'Male', 'Adult', '1991-04-18', 30),
(122002, 1, '***sdlonyer***', '***atina***', '***esoj nas***', '***ac***', 'Female', 'Adult', '1992-11-19', 28),
(131201, 1, '***irbmehcs***', '***leahcim***', '***yellav ortsac***', '***ac***', 'Male', 'Minor', '2013-07-31', 7),
(139701, 2, '***oksats***', '***enidlareg***', '***esoj nas***', '***ac***', 'Female', 'Adult', '1998-05-14', 22),
(146704, 1, '***neyugn***', '***esile***', '***ocsicanrf nas***', '***ac***', 'Female', 'Adult', '1990-07-10', 30),
(147102, 2, '***srevart***', '***ahtreb***', '***esoj nas***', '***ac***', 'Female', 'Adult', '1992-05-05', 28),
(156601, 1, '***ellewretsew***', '***negreuj***', '***esoj nas***', '***ac***', 'Male', 'Adult', '1992-09-28', 28),
(156602, 1, '***ellewretsew***', '***htebazile***', '***esoj nas***', '***ac***', 'Female', 'Minor', '2010-06-05', 10),
(156701, 1, '***ellewretsew***', '***ennazus***', '***esoj nas***', '***ac***', 'Female', 'Minor', '2004-05-27', 16),
(156702, 2, '***adenatsac***', '***noremac***', '***esoj nas***', '***ac***', 'Male', 'Adult', '1991-03-07', 30),
(156703, 2, '***jeipok***', '***sirhc***', '***esoj nas***', '***ac***', 'Male', 'Minor', '2015-11-05', 5),
(158301, 1, '***nosmailliw***', '***selrahc***', '***esoj nas***', '***ac***', 'Male', 'Minor', '2010-06-05', 10),
(161501, 2, '***azogaraz***', '***leba***', '***esoj nas***', '***ac***', 'Male', 'Minor', '2011-06-10', 9),
(161502, 1, '***azogaraz***', '***neleb***', '***esoj nas***', '***ac***', 'Female', 'Adult', '1992-11-19', 28),
(171705, 2, '***.rs uaedir***', '***nivla***', '***esoj nas***', '***ac***', 'Male', 'Adult', '1992-11-19', 28),
(192002, 1, '***odlaniuga***', '***ellebyam***', '***esoj nas***', '***ac***', 'Female', 'Adult', '2001-04-08', 20),
(205801, 2, '***aicrag***', '***adnaloy***', '***esoj nas***', '***ac***', 'Female', 'Minor', '2014-03-16', 7),
(207201, 2, '***onitap***', '***nemrac***', '***esoj nas***', '***ac***', 'Female', 'Adult', '1994-04-20', 27),
(227401, 1, '***htims***', '***nosaj***', '***esoj nas***', '***ac***', 'Male', 'Adult', '1990-08-01', 30),
(236801, 1, '***gnillob***', '***nhoj***', '***esoj nas***', '***ac***', 'Male', 'Adult', '1999-07-10', 21),
(240801, 1, '***aliva-salohcin***', '***nasus***', '***esoj nas***', '***ac***', 'Female', 'Adult', '1990-07-10', 30),
(240803, 1, '***aliva***', '***bocaj-nave***', '***esoj nas***', '***ac***', 'Male', 'Adult', '1990-07-10', 30),
(240804, 2, '***aliva***', '***neltiak***', '***esoj nas***', '***ac***', 'Female', 'Adult', '1999-09-14', 21),
(240805, 2, '***aliva***', '***nerfe***', '***esoj nas***', '***ac***', 'Male', 'Minor', '2012-04-16', 9),
(240809, 1, '***oremor***', '***haisoj***', '***esoj nas***', '***ac***', 'Male', 'Minor', '2006-10-16', 14),
(252701, 2, '***rekrap***', '***ardnas***', '***esoj nas***', '***ac***', 'Female', 'Adult', '1991-04-18', 30),
(254902, 2, '***zeuqirne***', '***nitsuj***', '***esoj nas***', '***ac***', 'Male', 'Adult', '1997-11-03', 23),
(259701, 1, '***eterravan***', '***ycul***', '***esoj nas***', '***ac***', 'Female', 'Adult', '1990-07-10', 30),
(259801, 2, '***mahdeen***', '***enelrahc***', '***esoj nas***', '***ac***', 'Female', 'Minor', '2011-02-28', 10),
(267901, 2, '***ov***', '***ahtnamas***', '***esoj nas***', '***ac***', 'Female', 'Minor', '2006-11-01', 14),
(267902, 1, '***ov***', '***nyletak***', '***esoj nas***', '***ac***', 'Female', 'Adult', '2001-02-13', 20),
(281401, 2, '***.rs amlap***', '***wehttam***', '***esoj nas***', '***ac***', 'Male', 'Adult', '1990-01-27', 31),
(281402, 1, '***amlap***', '***airolg***', '***esoj nas***', '***ac***', 'Female', 'Minor', '2010-08-30', 10),
(292502, 2, '***ecnop***', '***nerak***', '***yorlig***', '***ac***', 'Female', 'Minor', '2017-03-06', 4),
(292601, 2, '***gnourt***', '***adnerb***', '***esoj nas***', '***ac***', 'Female', 'Adult', '1999-07-10', 21),
(300601, 1, '***.rs lisarb***', '***nhoj***', '***esoj nas***', '***ac***', 'Male', 'Adult', '1991-07-20', 29),
(300602, 1, '***.rj lisarb***', '***luap nhoj***', '***esoj nas***', '***ac***', 'Male', 'Minor', '2009-10-16', 11),
(300603, 2, '***.rj lisarb***', '***bocaj***', '***esoj nas***', '***ac***', 'Male', 'Adult', '1991-09-13', 29),
(301101, 2, '***gnourt***', '***hnim***', '***esoj nas***', '***ac***', 'Male', 'Minor', '2015-10-08', 5),
(308202, 2, '***arerreh***', '***arabrab***', '***esoj nas***', '***ac***', 'Female', 'Adult', '1991-08-07', 29),
(309702, 1, '***sasor***', '***nahtanoj***', '***esoj nas***', '***ac***', 'Male', 'Adult', '1990-08-01', 30),
(309703, 2, '***sasor***', '***aicila***', '***esoj nas***', '***ac***', 'Female', 'Adult', '1991-04-18', 30),
(327701, 2, '***kcah***', '***leoj***', '***esoj nas***', '***ac***', 'Male', 'Adult', '1990-01-25', 31),
(332501, 2, '***neyugn***', '***enitsirhc***', '***esoj nas***', '***ac***', 'Female', 'Adult', '1998-05-14', 22),
(336601, 2, '***tserahc***', '***siri***', '***esoj nas***', '***ac***', 'Female', 'Adult', '1991-04-18', 30),
(336602, 1, '***tserahc***', '***nnelg***', '***esoj nas***', '***ac***', 'Male', 'Minor', '2011-04-19', 10),
(336604, 1, '***tserahc***', '***nailuj***', '***esoj nas***', '***ac***', 'Male', 'Adult', '1998-12-26', 22),
(336605, 2, '***tserahc***', '***sacul***', '***esoj nas***', '***ac***', 'Male', 'Adult', '1991-04-18', 30),
(339801, 2, '***notsew***', '***yram***', '***esoj nas***', '***ac***', 'Female', 'Adult', '1991-08-07', 29),
(344501, 1, '***rekrap***', '***pilihp***', '***weiv niatnuom***', '***ac***', 'Male', 'Adult', '1990-08-01', 30),
(356301, 2, '***rium***', '***recneps***', '***retsilloh***', '***ac***', 'Male', 'Adult', '1995-11-02', 25),
(361903, 2, '***ztaarb***', '***kram***', '***esoj nas***', '***ac***', 'Male', 'Minor', '2014-03-16', 7),
(363302, 2, '***civezenk***', '***drahcir***', '***esoj nas***', '***ac***', 'Male', 'Minor', '2006-10-30', 14),
(368002, 1, '***yhtapuhgar***', '***hdahsin***', '***esoj nas***', '***ac***', 'Male', 'Minor', '2014-03-16', 7),
(380701, 1, '***setab***', '***enileuqcaj***', '***esoj nas***', '***ac***', 'Female', 'Adult', '1990-07-10', 30),
(383201, 2, '***amekeob***', '***sulorac***', '***esoj nas***', '***ac***', 'Male', 'Minor', '2014-02-05', 7),
(384105, 2, '***zepol***', '***nerak***', '***esoj nas***', '***ac***', 'Female', 'Minor', '2015-10-08', 5),
(391501, 2, '***hsurb***', '***latsyrc***', '***llih nagrom***', '***ac***', 'Female', 'Minor', '2016-05-26', 4),
(391901, 2, '***zerep***', '***adnaloy***', '***yorlig***', '***ac***', 'Female', 'Adult', '1990-06-01', 30),
(392501, 2, '***nenayud***', '***adiol***', '***esoj nas***', '***ac***', 'Female', 'Adult', '1991-04-18', 30),
(397301, 2, '***arreitlab***', '***neelcaj***', '***esoj nas***', '***ac***', 'Female', 'Adult', '1994-04-20', 27),
(398403, 2, '***thgirbla***', '***einnoc***', '***sonab sol***', '***ac***', 'Female', 'Adult', '1999-11-22', 21),
(398405, 2, '***thgirbla***', '***ert***', '***esoj nas***', '***ac***', 'Male', 'Minor', '2017-03-06', 4),
(398406, 1, '***rs thgirbla***', '***yort***', '***sonab sol***', '***ac***', 'Male', 'Adult', '1992-11-19', 28),
(399603, 1, '***arerrab***', '***ardnajela***', '***esoj nas***', '***ac***', 'Female', 'Adult', '1991-03-07', 30),
(399801, 1, '***zepol***', '***eoj***', '******', '******', 'Male', 'Adult', '1991-11-19', 29),
(400902, 1, '***avlajirg***', '***aicirtap ana***', '***esoj nas***', '***ac***', 'Female', 'Adult', '1991-06-04', 29),
(401501, 1, '***iaksam***', '***anib***', '***satiplim***', '***ac***', 'Female', 'Adult', '1990-08-01', 30),
(404901, 1, '***gninnep***', '***divad***', '***elavynnus***', '***ac***', 'Male', 'Minor', '2014-03-16', 7),
(404903, 2, '***gninnep***', '***am***', '***elavynnus***', '***ac***', 'Female', 'Adult', '1999-07-10', 21),
(405301, 2, '***hcaeb***', '***ycnan***', '***esoj nas***', '***ac***', 'Female', 'Adult', '1998-05-14', 22),
(405302, 2, '***reobyn***', '***retep***', '***esoj nas***', '***ac***', 'Male', 'Adult', '1994-07-21', 26),
(406504, 2, '***nitsuga nas***', '***leirbag***', '***esoj nas***', '***ac***', 'Male', 'Adult', '1991-04-18', 30),
(410201, 2, '***tterrev***', '***elocin***', '***esoj nas***', '***ac***', 'Female', 'Adult', '1991-07-25', 29),
(412001, 1, '***hgnis***', '***hshkabrug***', '***aralc atnas***', '***ac***', 'Male', 'Adult', '1999-09-14', 21),
(413201, 1, '***enitram-nartleb***', '***ainigriv***', '***dnalkao***', '***ac***', 'Female', 'Minor', '2009-10-16', 11),
(414701, 2, '***arasnak***', '***kisar***', '***tnomerf***', '***ac***', 'Male', 'Minor', '2014-03-16', 7),
(417501, 2, '***notsnhoj***', '***asile***', '***esoj nas***', '***ac***', 'Female', 'Adult', '1990-04-11', 31),
(419201, 1, '***sanedrac***', '***assilem***', '***esoj nas***', '***ac***', 'Female', 'Adult', '1991-11-19', 29),
(419202, 2, '***.rj sanedrac***', '***solrac***', '***esoj nas***', '***ac***', 'Male', 'Adult', '1991-01-15', 30),
(419204, 2, '***sanedrac***', '***socram***', '***esoj nas***', '***ac***', 'Male', 'Minor', '2010-12-12', 10),
(419206, 2, '***sanedrac***', '***ave***', '***esoj nas***', '***ac***', 'Female', 'Adult', '1996-02-21', 25),
(420001, 2, '***sregor***', '***aicirtap***', '***esoj nas***', '***ac***', 'Female', 'Adult', '1994-08-29', 26),
(421003, 1, '***zuproc***', '***nediaj***', '***esoj nas***', '***ac***', 'Male', 'Adult', '1992-05-23', 28),
(421201, 2, '***onerom***', '***ahtram***', '***aralc atnas***', '***ac***', 'Female', 'Minor', '2003-08-09', 17),
(421202, 2, '***onerom***', '***learsi***', '***aralc atnas***', '***ac***', 'Male', 'Minor', '2011-04-19', 10),
(421203, 2, '***onerom***', '***siseneg***', '***aralc atnas***', '***ac***', 'Female', 'Minor', '2011-04-19', 10),
(421204, 2, '***onerom***', '***acceber***', '***aralc atnas***', '***ac***', 'Female', 'Minor', '2011-04-19', 10),
(421705, 2, '***zemog***', '***anairda***', '***esoj nas***', '***ac***', 'Female', 'Minor', '2012-06-11', 8),
(422001, 2, '***aicnelav***', '***niuqaoj***', '***esoj nas***', '***ac***', 'Male', 'Adult', '1995-11-02', 25),
(422902, 2, '***solrac***', '***siul***', '***esoj nas***', '***ac***', 'Male', 'Adult', '1996-04-14', 25),
(423901, 2, '***selasor***', '***luas***', '***esoj nas***', '***ac***', 'Male', 'Minor', '2010-06-05', 10),
(424101, 2, '***kahtap***', '***hselin***', '***esoj nas***', '***ac***', 'Male', 'Minor', '2014-01-24', 7),
(424201, 2, '***htims***', '***dahc***', '***esoj nas***', '***ac***', 'Male', 'Adult', '1991-07-25', 29),
(424902, 1, '***nosneros***', '***samoht***', '***esoj nas***', '***ac***', 'Male', 'Minor', '2008-08-26', 12),
(424903, 1, '***nesneros***', '***leumas***', '***esoj nas***', '***ac***', 'Male', 'Minor', '2008-08-26', 12),
(424904, 1, '***nesneros***', '***nevets***', '***esoj nas***', '***ac***', 'Male', 'Minor', '2008-08-26', 12),
(425201, 1, '***soirrab***', '***adlih***', '***esoj nas***', '***ac***', 'Female', 'Adult', '2000-01-28', 21),
(425202, 1, '***soirrab***', '***rodavlas***', '***esoj nas***', '***ac***', 'Male', 'Minor', '2017-08-01', 3),
(426103, 1, '***noloc***', '***annaerb***', '***nitram nas***', '***ac***', 'Female', 'Adult', '1991-11-19', 29),
(430801, 2, '***senrab***', '***yerffej***', '***esoj nas***', '***ac***', 'Male', 'Adult', '1994-08-29', 26),
(433201, 1, '***sederap***', '***ennaed***', '***esoj nas***', '***ac***', 'Female', 'Minor', '2008-12-19', 12),
(434401, 2, '***ikswonjow***', '***eillek***', '***esoj nas***', '***ac***', 'Female', 'Minor', '2006-12-15', 14),
(435403, 1, '***etnamatsub***', '***ynohtna***', '***esoj nas***', '***ac***', 'Male', 'Adult', '1990-07-10', 30),
(439401, 1, '***aredoc***', '***trub***', '***esoj nas***', '***ac***', 'Male', 'Minor', '2011-04-19', 10),
(442801, 2, '***zenitram***', '***aicitel***', '***esoj nas***', '***ac***', 'Female', 'Adult', '1991-04-18', 30),
(446701, 2, '***amallum***', '***alocin***', '***esoj nas***', '***ac***', 'Female', 'Adult', '1995-11-02', 25),
(447601, 1, '***srehturrac***', '***nhoj***', '***esoj nas***', '***ac***', 'Male', 'Adult', '2001-04-08', 20),
(456803, 2, '***nosdrahcir***', '***harobed***', '***esoj nas***', '***ac***', 'Female', 'Adult', '1991-04-18', 30),
(457501, 2, '***aramak***', '***retsilla***', '***esoj nas***', '***ac***', 'Male', 'Minor', '2015-06-05', 5),
(460101, 1, '***yonehs***', '***yahska***', '***aralc atnas***', '***ac***', 'Male', 'Minor', '2014-02-05', 7),
(461001, 1, '***gnimmelf***', '***salocin***', '***esoj nas***', '***ac***', 'Male', 'Adult', '2000-01-28', 21),
(461002, 2, '***gnimmelf***', '***niloan***', '***esoj nas***', '***ac***', 'Male', 'Adult', '1990-06-01', 30),
(462101, 2, '***sobolalliv***', '***ardnajela***', '***esoj nas***', '***ac***', 'Female', 'Minor', '2017-12-29', 3),
(462203, 1, '***orihubon***', '***k***', '***esoj nas***', '***ac***', 'Female', 'Adult', '1991-01-15', 30),
(463701, 2, '***noredlac***', '***aleaj***', '***porhtal***', '***ac***', 'Female', 'Adult', '1991-03-07', 30),
(464201, 1, '***razalas***', '***aisnetroh***', '***esoj nas***', '***ac***', 'Female', 'Adult', '1991-07-20', 29),
(465701, 1, '***ageiron***', '***aicargatla***', '***esoj nas***', '***ac***', 'Female', 'Minor', '2005-07-06', 15),
(468301, 2, '***ylugnag***', '***anajna***', '***notnasaelp***', '***ac***', 'Female', 'Minor', '2006-12-15', 14),
(468302, 2, '***yayhdapognag***', '***semos***', '***notnasaelp***', '***ac***', 'Male', 'Minor', '2006-12-15', 14),
(471001, 2, '***llocsird***', '***anehta***', '***esoj nas***', '***ac***', 'Female', 'Minor', '2010-12-12', 10),
(472301, 2, '***uv***', '***gnahk tnecniv***', '***esoj nas***', '***ac***', 'Male', 'Minor', '2010-12-12', 10),
(473401, 2, '***ttoirrem***', '***yma***', '***esoj nas***', '***ac***', 'Female', 'Adult', '1998-05-14', 22),
(473402, 1, '***ttoirrem***', '***yrol***', '***esoj nas***', '***ac***', 'Female', 'Minor', '2006-01-18', 15),
(473501, 2, '***ocsalev***', '***acire***', '***esoj nas***', '***ac***', 'Female', 'Adult', '1991-10-17', 29),
(477107, 2, '***aitipse***', '***enimsaj***', '***esoj nas***', '***ac***', 'Female', 'Minor', '2011-04-19', 10),
(482001, 2, '***zenemij***', '***ynohtna***', '***esoj nas***', '***ac***', 'Male', 'Minor', '2014-01-24', 7),
(483402, 1, '***letap***', '***inimahb***', '***esoj nas***', '***ac***', 'Female', 'Adult', '1991-06-04', 29),
(486901, 2, '***traboh***', '***ardnas***', '***sthgieh surtic***', '***ac***', 'Female', 'Adult', '1998-05-14', 22),
(488001, 2, '***zednem***', '***yranada***', '***esoj nas***', '***ac***', 'Female', 'Adult', '1992-09-28', 28),
(489201, 2, '***htims***', '***nerak***', '***esoj nas***', '***ac***', 'Female', 'Adult', '1995-11-02', 25),
(489801, 2, '***snilloc***', '***gnart***', '***esoj nas***', '***ac***', 'Female', 'Adult', '1991-10-17', 29),
(489802, 2, '***snilloc***', '***yrag***', '***esoj nas***', '***ac***', 'Male', 'Minor', '2011-04-19', 10),
(489803, 1, '***snilloc***', '***selrahc***', '***esoj nas***', '***ac***', 'Male', 'Adult', '2003-04-18', 18),
(490701, 1, '***kcah***', '***ffej***', '***esoj nas***', '***ac***', 'Male', 'Minor', '2013-07-31', 7),
(491001, 2, '***solrac***', '***dnomyar***', '***nilkcor***', '***ac***', 'Male', 'Adult', '1999-09-14', 21),
(491601, 1, '***omed***', '***1omed***', '***esoj nas***', '***ac***', 'Female', 'Minor', '2017-08-01', 3),
(495102, 2, '***uerba***', '***alebana***', '***esoj nas***', '***ac***', 'Female', 'Minor', '2011-04-19', 10),
(497002, 1, '***nalebiuq***', '***htiek***', '***esoj nas***', '***ac***', 'Male', 'Minor', '2017-10-31', 3),
(499401, 1, '***satseam***', '***ecinaj***', '***esoj nas***', '***ac***', 'Female', 'Adult', '1991-06-04', 29),
(501204, 1, '***sarertnoc***', '***euqilegna***', '***esoj nas***', '***ac***', 'Female', 'Adult', '1991-06-04', 29),
(502001, 1, '***anotel***', '***ysus***', '***esoj nas***', '***ac***', 'Female', 'Minor', '2008-08-26', 12),
(502002, 2, '***trawets***', '***vi eidderf***', '***esoj nas***', '***ac***', 'Male', 'Minor', '2015-10-08', 5),
(505401, 2, '***suank***', '***nitsirk***', '***esoj nas***', '***ac***', 'Female', 'Adult', '1996-09-30', 24),
(505901, 2, '***htarahammak***', '***roinuj***', '***esoj nas***', '***ac***', 'Male', 'Adult', '1991-03-07', 30),
(507501, 1, '***lisarb***', '***alegna***', '***esoj nas***', '***ac***', 'Female', 'Minor', '2009-10-16', 11),
(508801, 1, '***eel***', '***namrehs***', '***esoj nas***', '***ac***', 'Male', 'Adult', '1992-11-19', 28),
(511001, 1, '***iroif***', '***yram***', '***eromrevil***', '***ac***', 'Female', 'Adult', '2001-07-18', 19),
(514401, 2, '***odlavetnom***', '***itnahs***', '******', '******', 'Female', 'Adult', '1999-07-10', 21),
(516001, 2, '***nalebiuq***', '***nerrag***', '***aralc atnas***', '***ac***', 'Male', 'Adult', '1991-04-18', 30),
(516002, 1, '***nalebiuq***', '***tnarg***', '***aralc atnas***', '***ac***', 'Male', 'Minor', '2007-07-23', 13),
(516003, 1, '***nalebiuq***', '***aniri***', '***aralc atnas***', '***ac***', 'Female', 'Adult', '1992-11-19', 28),
(517101, 1, '***tdrahnrae***', '***semaj***', '***esoj nas***', '***ac***', 'Male', 'Adult', '1999-07-10', 21),
(526201, 2, '***zenitram***', '***amla***', '***esoj nas***', '***ac***', 'Female', 'Minor', '2017-03-11', 4),
(527803, 1, '***zelaznog***', '***ogeid***', '***esoj nas***', '***ac***', 'Male', 'Adult', '1992-05-23', 28),
(527804, 2, '***zelaznog***', '***latsyrc***', '***esoj nas***', '***ac***', 'Female', 'Adult', '1991-04-18', 30),
(528401, 1, '***zelaznog***', '***eilsel***', '***esoj nas***', '***ac***', 'Female', 'Adult', '1990-07-10', 30),
(529401, 2, '***ydennek***', '***nosila***', '***esoj nas***', '***ac***', 'Female', 'Adult', '1991-04-18', 30),
(532701, 1, '***illaputtag***', '***nurav***', '***sotag sol***', '***ac***', 'Male', 'Minor', '2017-08-01', 3),
(532702, 1, '***illaputtag***', '***ahdus***', '***sotag sol***', '***ac***', 'Female', 'Adult', '1992-05-23', 28),
(535401, 2, '***ztak***', '***dine***', '***esoj nas***', '***ac***', 'Female', 'Adult', '1990-01-25', 31),
(537104, 2, '***ahttahc***', '***anom***', '***esoj nas***', '***ac***', 'Female', 'Adult', '2000-11-20', 20),
(539501, 1, '***rueocnarf***', '***annahoj***', '***esoj nas***', '***ac***', 'Female', 'Minor', '2014-01-24', 7),
(541401, 2, '***onatnom***', '***nna eissej***', '***esoj nas***', '***ac***', 'Female', 'Adult', '1992-04-29', 29),
(542601, 1, '***notaehw***', '***ablasor***', '***llih nagrom***', '***ac***', 'Female', 'Minor', '2009-10-16', 11),
(542605, 1, '***notaehw***', '***xela yrag***', '***llih nagrom***', '***ac***', 'Male', 'Adult', '1990-07-10', 30),
(544401, 1, '***repooc***', '***yram***', '***esoj nas***', '***ac***', 'Female', 'Adult', '2001-02-13', 20),
(544501, 2, '***zepol***', '***aglo***', '***esoj nas***', '***ac***', 'Female', 'Adult', '1998-06-20', 22),
(545601, 2, '***gnimmelf***', '***nevets***', '***esoj nas***', '***ac***', 'Male', 'Minor', '2016-05-26', 4),
(545602, 2, '***gnimmelf***', '***airam***', '***esoj nas***', '***ac***', 'Female', 'Adult', '1993-01-19', 28),
(547401, 2, '***hcow***', '***retep***', '***sotla sol***', '***ac***', 'Male', 'Adult', '1996-09-30', 24),
(547801, 1, '***onerom***', '***dadelos***', '***esoj nas***', '***ac***', 'Female', 'Adult', '2001-04-08', 20),
(548901, 1, '***somar-rrac***', '***rolyat***', '***yorlig***', '***ac***', 'Female', 'Adult', '1991-07-20', 29),
(550401, 2, '***.rj odahcam***', '***airam***', '***esoj nas***', '***ac***', 'Female', 'Adult', '1997-01-22', 24),
(550402, 2, '***raiuga***', '***odnanref***', '***esoj nas***', '***ac***', 'Male', 'Adult', '1997-02-04', 24),
(550801, 1, '***oad***', '***knarf***', '***esoj nas***', '***ac***', 'Male', 'Adult', '1999-07-10', 21),
(554301, 2, '***aitahb***', '***ujna***', '***satiplim***', '***ac***', 'Female', 'Adult', '1997-10-08', 23),
(558501, 1, '***azrapse***', '***socram***', '***yorlig***', '***ac***', 'Male', 'Adult', '1999-07-10', 21),
(558601, 1, '***g ecnop***', '***odnavres***', '***yorlig***', '***ac***', 'Male', 'Adult', '1991-07-20', 29),
(559301, 1, '***enryb***', '***nasus***', '***aralc atnas***', '***ac***', 'Female', 'Adult', '1999-07-10', 21),
(563401, 1, '***zurcaled***', '***eel naitsirhc***', '***esoj nas***', '***ac***', 'Male', 'Adult', '2000-01-28', 21),
(570401, 1, '***laerralliv***', '***anilorac***', '***esoj nas***', '***ac***', 'Female', 'Adult', '1991-11-19', 29),
(572001, 1, '***srelles***', '***ahtram***', '***esoj nas***', '***ac***', 'Female', 'Adult', '1991-07-20', 29),
(575301, 2, '***spillihp***', '***redyr***', '***esoj nas***', '***ac***', 'Male', 'Adult', '1995-05-16', 25),
(576601, 1, '***zelaznog***', '***aerdna***', '***esoj nas***', '***ac***', 'Female', 'Minor', '2003-08-03', 17),
(577001, 1, '***sevaergrah***', '***trebor***', '***esoj nas***', '***ac***', 'Male', 'Minor', '2017-01-04', 4),
(587502, 2, '***airetner***', '***secnarf***', '***esoj nas***', '***ac***', '', 'Adult', '2000-06-05', 20),
(589701, 1, '***spillihp***', '***acissej***', '***esoj nas***', '***ac***', 'Female', 'Adult', '1994-08-29', 26),
(589901, 2, '***arusomreh***', '***v leirza neicul***', '***satiplim***', '***ac***', 'Male', 'Adult', '2002-07-12', 18),
(590001, 2, '***arusomreh***', '***nakyl***', '***satiplim***', '***ac***', 'Male', 'Minor', '2006-12-15', 14),
(590503, 2, '***spillihp***', '***esahc***', '***esoj nas***', '***ac***', 'Male', 'Minor', '2011-04-19', 10),
(593701, 2, '***serolf***', '***euqilegna***', '***esoj nas***', '***ac***', 'Female', 'Adult', '1997-01-22', 24),
(594402, 2, '***nasavinirs***', '***anura***', '***aralc atnas***', '***ac***', 'Female', 'Adult', '1998-05-14', 22),
(594701, 2, '***ziur***', '***enahs***', '***esoj nas***', '***ac***', 'Male', 'Minor', '2011-04-19', 10),
(596101, 1, '***anoroc***', '***siul nauj***', '***esoj nas***', '***ac***', 'Male', 'Adult', '1990-07-10', 30),
(598301, 2, '***ado***', '***etselec***', '***esoj nas***', '***ac***', 'Female', 'Adult', '1996-04-19', 25),
(598801, 2, '***asagar***', '***trebor***', '***esoj nas***', '***ac***', 'Male', 'Minor', '2010-12-12', 10),
(600201, 1, '***egap***', '***enitsirhc***', '***eromrevil***', '***ac***', 'Female', 'Minor', '2009-10-16', 11),
(601101, 1, '***eej***', '***ahsu***', '***llih nagrom***', '***ac***', 'Female', 'Minor', '2006-09-21', 14),
(601702, 2, '***zeuqsav***', '***solrac***', '***esoj nas***', '***ac***', 'Male', 'Adult', '1991-04-18', 30),
(601704, 2, '***ziur***', '***aztiram***', '***esoj nas***', '***ac***', 'Female', 'Adult', '1998-05-14', 22),
(601705, 2, '***ziur***', '***ayelc***', '***esoj nas***', '***ac***', 'Female', 'Minor', '2003-08-09', 17),
(603101, 2, '***uhdnas***', '***lahsiv***', '***esoj nas***', '***ac***', 'Male', 'Minor', '2017-03-06', 4),
(603501, 2, '***neyugn***', '***netsirhc***', '***esoj nas***', '***ac***', 'Female', 'Minor', '2014-03-16', 7),
(605903, 2, '***oirottivid***', '***kcinimod***', '***esoj nas***', '***ac***', 'Male', 'Adult', '1994-08-29', 26),
(605904, 1, '***oirottivid***', '***airotciv***', '***esoj nas***', '***ac***', 'Female', 'Adult', '1999-07-10', 21),
(612901, 2, '***aveunalliv***', '***anerol***', '***esoj nas***', '***ac***', 'Female', 'Minor', '2010-06-12', 10),
(613001, 1, '***ocarrab***', '***yrrab***', '***esoj nas***', '***ac***', 'Male', 'Minor', '2010-10-31', 10),
(619001, 1, '***breoz***', '***nemrac***', '***esoj nas***', '***ac***', 'Female', 'Minor', '2015-03-22', 6),
(622001, 1, '***dooh***', '***eirojram***', '***esoj nas***', '***ac***', 'Female', 'Adult', '1991-07-20', 29),
(622601, 2, '***spillihp***', '***dlorah***', '***esoj nas***', '***ac***', 'Male', 'Minor', '2015-10-08', 5),
(624902, 2, '***zelaznog***', '***anitsirhc***', '***ytic noinu***', '***ac***', 'Female', 'Adult', '1994-08-29', 26),
(624903, 2, '***zetineb-oibur***', '***odracir***', '***ytic noinu***', '***ac***', 'Male', 'Adult', '2001-02-08', 20),
(625001, 2, '***nagarrab***', '***amla***', '***esoj nas***', '***ac***', 'Female', 'Adult', '1991-04-18', 30),
(625009, 2, '***raliuga***', '***alialed***', '***esoj nas***', '***ac***', 'Female', 'Adult', '1991-04-18', 30),
(625010, 1, '***nagarrab***', '***nedia***', '***esoj nas***', '***ac***', 'Male', 'Adult', '1991-04-18', 30),
(625101, 1, '***onadec***', '***ilecara***', '***esoj nas***', '***ac***', 'Female', 'Adult', '1999-10-07', 21),
(625501, 1, '***alohcnac***', '***nivlac***', '***aralc atnas***', '***ac***', 'Male', 'Minor', '2003-08-03', 17),
(626901, 2, '***eugoh***', '***nitsirk***', '***sotpa***', '***ac***', 'Female', 'Adult', '1992-05-05', 28),
(629201, 1, '***reliwno***', '***ydolem***', '***llebpmac***', '***ac***', 'Female', 'Minor', '2003-08-03', 17),
(629603, 2, '***razalas***', '***amron***', '***esoj nas***', '***ac***', 'Female', 'Minor', '2014-06-08', 6),
(630301, 1, '***zitro***', '***anailil***', '***esoj nas***', '***ac***', 'Female', 'Minor', '2003-08-03', 17),
(632001, 1, '***yeliah***', '***nerual***', '***esoj nas***', '***ac***', 'Female', 'Minor', '2006-10-16', 14),
(632002, 1, '***yeliah***', '***lladnek***', '***esoj nas***', '***ac***', 'Female', 'Minor', '2008-08-26', 12),
(633001, 2, '***zeravla***', '***aililana***', '***yorlig***', '***ac***', 'Female', 'Adult', '1999-12-15', 21),
(633003, 2, '***zeravla***', '***yenitsed***', '***yorlig***', '***ac***', 'Female', 'Adult', '1994-08-29', 26),
(633004, 1, '***zelaznog***', '***leunam***', '***yorlig***', '***ac***', 'Male', 'Adult', '1995-02-22', 26),
(633201, 1, '***namkceh***', '***egroeg***', '***tnomerf***', '***ac***', 'Male', 'Minor', '2017-08-01', 3),
(635802, 2, '***dnadgoj***', '***nahsradjar***', '***tnomerf***', '***ac***', 'Male', 'Minor', '2015-10-08', 5),
(637001, 1, '***anod***', '***acissej***', '***esoj nas***', '***ac***', 'Female', 'Adult', '1991-04-18', 30),
(639501, 2, '***agev***', '***omrelliug***', '***esoj nas***', '***ac***', 'Male', 'Minor', '2013-01-04', 8),
(639502, 2, '***zenitram***', '***lena***', '***esoj nas***', '***ac***', '', 'Adult', '1998-05-14', 22),
(641001, 2, '***kinsec***', '***nitram***', '***yorlig***', '***ac***', 'Male', 'Minor', '2011-02-28', 10),
(643703, 1, '***sirrah***', '***p yole***', '***esoj nas***', '***ac***', 'Male', 'Minor', '2010-08-30', 10),
(645101, 2, '***ttimhcs***', '***wehttam***', '***esoj nas***', '***ac***', 'Male', 'Adult', '1995-05-16', 25),
(645102, 2, '***ttimhcs***', '***elorac***', '***esoj nas***', '***ac***', 'Female', 'Minor', '2011-04-19', 10),
(645801, 1, '***ayihsin***', '***ybloc***', '***serec***', '***ac***', 'Male', 'Minor', '2006-10-16', 14),
(646601, 1, '***trawets***', '***eidderf***', '***esoj nas***', '***ac***', 'Male', 'Adult', '1991-07-20', 29),
(647001, 2, '***rehsif***', '***liag***', '***esoj nas***', '***ac***', 'Female', 'Adult', '1990-01-25', 31),
(647201, 2, '***aicrag***', '***xineohp***', '***esoj nas***', '***ac***', 'Male', 'Adult', '2001-02-13', 20),
(647901, 2, '***giwdul-ekpirk***', '***lehcar***', '***ocsicnarf nas***', '***ac***', 'Male', 'Adult', '1994-08-29', 26),
(649401, 1, '***anul***', '***selegna***', '***esoj nas***', '***ac***', 'Female', 'Minor', '2003-08-03', 17),
(650801, 2, '***ssof***', '***refinnej***', '***drawyah***', '***ac***', 'Female', 'Minor', '2015-11-05', 5),
(652901, 2, '***reyob***', '***haras***', '***krawen***', '***ac***', 'Female', 'Minor', '2006-12-15', 14),
(653401, 2, '***wohc***', '***acissej***', '***satiplim***', '***ac***', 'Female', 'Adult', '1991-03-07', 30),
(654801, 2, '***nosnah***', '***eniale***', '***esoj nas***', '***ac***', 'Female', 'Adult', '1994-08-29', 26),
(655101, 1, '***ikswejeicam***', '***yelsew***', '***esoj nas***', '***ac***', 'Male', 'Adult', '1991-08-07', 29),
(655301, 1, '***zinom***', '***zirtaeb***', '***esoj nas***', '***ac***', 'Female', 'Adult', '1991-04-18', 30),
(655501, 2, '***renraw***', '***hales***', '***esoj nas***', '***ac***', 'Female', 'Minor', '2006-05-10', 14),
(655502, 2, '***renraw***', '***adnar***', '***esoj nas***', '***ac***', 'Female', 'Minor', '2011-04-19', 10),
(656001, 1, '***ihalidba***', '***zudnus***', '***esoj nas***', '***ac***', 'Female', 'Adult', '1991-01-15', 30),
(656801, 2, '***aicrag***', '***amrel***', '***esoj nas***', '***ac***', 'Female', 'Minor', '2015-10-08', 5),
(660201, 1, '***zelaznog***', '***anilegna***', '***esoj nas***', '***ac***', 'Female', 'Adult', '1992-11-19', 28),
(661301, 2, '***atpug***', '***htraddis***', '***notrehta***', '***ac***', 'Male', 'Minor', '2013-07-14', 7),
(661801, 2, '***spillihp***', '***uasammoc***', '***esoj nas***', '***ac***', 'Male', 'Minor', '2015-10-08', 5),
(662802, 2, '***naiboc***', '***anirbas***', '***esoj nas***', '***ac***', 'Female', 'Minor', '2006-10-30', 14),
(664401, 2, '***zeugirdor***', '***abla***', '***esoj nas***', '***ac***', 'Female', 'Minor', '2004-06-04', 16),
(669901, 1, '***laucsap***', '***haizzu***', '***esoj nas***', '***ac***', 'Male', 'Minor', '2006-09-21', 14),
(672301, 1, '***ein***', '***ilgnah***', '***esoj nas***', '***ac***', 'Female', 'Adult', '1991-10-20', 29),
(672401, 2, '***iub***', '***annaig***', '***esoj nas***', '***ac***', 'Female', 'Adult', '1991-03-07', 30),
(675101, 1, '***serolf***', '***annod***', '***zurc atnas***', '***ac***', 'Female', 'Adult', '1991-10-20', 29),
(675301, 2, '***niuolb***', '***belac***', '***esoj nas***', '***ac***', 'Male', 'Adult', '1990-06-01', 30),
(675304, 2, '***niuolb***', '***werdna***', '***esoj nas***', '***ac***', 'Male', 'Adult', '1992-03-27', 29),
(676202, 2, '***orerreug***', '***divad***', '***esoj nas***', '***ac***', 'Male', 'Adult', '2000-07-03', 20),
(678501, 1, '***tiwad***', '***leunama***', '***esoj nas***', '***ac***', 'Male', 'Adult', '2003-04-18', 18),
(678502, 1, '***tiwad***', '***akeber***', '***esoj nas***', '***ac***', 'Female', 'Adult', '1999-07-10', 21),
(680401, 2, '***ercagnol***', '***ynot***', '***esoj nas***', '***ac***', 'Male', 'Minor', '2006-12-15', 14),
(681601, 2, '***uhz***', '***oayuiq***', '***esoj nas***', '***ac***', 'Male', 'Adult', '1991-04-18', 30),
(681701, 1, '***rehgaem***', '***leahcim***', '***esoj nas***', '***ac***', 'Male', 'Minor', '2013-07-31', 7),
(682501, 1, '***zerreitug***', '***ertsevlis***', '***esoj nas***', '***ac***', 'Male', 'Adult', '2000-07-03', 20),
(682502, 1, '***zerreitug***', '***asor***', '***esoj nas***', '***ac***', 'Female', 'Minor', '2008-02-18', 13),
(683901, 1, '***ksirf***', '***anayt***', '***eromrevil***', '***ac***', 'Female', 'Minor', '2017-01-04', 4),
(687101, 1, '***ocehcap***', '***racso***', '***esoj nas***', '***ac***', 'Male', 'Adult', '1991-06-04', 29),
(688601, 1, '***ohcip***', '***esoj***', '***esoj nas***', '***ac***', 'Male', 'Adult', '2002-08-16', 18),
(688603, 2, '***aicrag ohcip***', '***htebazile***', '***esoj nas***', '***ac***', 'Female', 'Minor', '2011-04-19', 10),
(688701, 1, '***sivad-ottefrep***', '***aihtnyc***', '***esoj nas***', '***ac***', 'Female', 'Adult', '1995-10-24', 25),
(689701, 1, '***trawets***', '***imij***', '***esoj nas***', '***ac***', 'Female', 'Adult', '1992-11-19', 28),
(690101, 2, '***trefys***', '***mada***', '***esoj nas***', '***ac***', 'Male', 'Adult', '2003-04-18', 18),
(690501, 2, '***sirrah***', '***rs yole***', '***esoj nas***', '***ac***', 'Male', 'Minor', '2017-12-29', 3),
(691001, 2, '***zoicalap***', '***drawde***', '***esoj nas***', '***ac***', 'Male', 'Adult', '1992-12-05', 28),
(692501, 1, '***enoilgab***', '***knarf***', '***elavynnus***', '***ac***', 'Male', 'Adult', '1999-07-10', 21),
(693401, 1, '***ollem***', '***aicirtap***', '***esoj nas***', '***ac***', 'Female', 'Adult', '1995-11-02', 25),
(694101, 2, '***onivert***', '***aerdna***', '***esoj nas***', '***ac***', 'Female', 'Minor', '2003-08-09', 17),
(694701, 1, '***onarres***', '***samot***', '***esoj nas***', '***ac***', 'Male', 'Minor', '2008-12-19', 12),
(694801, 2, '***oczoro***', '***odirfliw***', '***esoj nas***', '***ac***', 'Male', 'Adult', '1996-09-30', 24),
(695001, 2, '***ocir***', '***eirojram***', '***esoj nas***', '***ac***', 'Female', 'Adult', '1998-05-14', 22),
(695401, 2, '***uohc***', '***inal***', '***onitrepuc***', '***ac***', 'Female', 'Adult', '1998-12-26', 22),
(695402, 2, '***savir***', '***mail***', '***onitrepuc***', '***ac***', 'Male', 'Adult', '1995-11-02', 25),
(695403, 2, '***savir***', '***adnicul***', '***onitrepuc***', '***ac***', 'Female', 'Minor', '2003-08-09', 17),
(695404, 1, '***savir***', '***neerak***', '***onitrepuc***', '***ac***', 'Female', 'Adult', '1994-08-29', 26),
(696501, 1, '***zelaznog***', '***noraa***', '***acetnam***', '***ac***', 'Male', 'Adult', '1999-11-22', 21),
(697801, 2, '***salocin***', '***nezyk***', '***esoj nas***', '***ac***', 'Male', 'Adult', '1991-03-07', 30),
(697901, 1, '***ocnarf***', '***aicilef***', '***esoj nas***', '***ac***', 'Female', 'Adult', '1992-09-28', 28),
(699201, 1, '***adni***', '***sesiom***', '***esoj nas***', '***ac***', 'Male', 'Minor', '2017-10-31', 3),
(700501, 1, '***nosflow***', '***nitram***', '***elavynnus***', '***ac***', 'Male', 'Adult', '1991-07-20', 29),
(701601, 2, '***tredna***', '***aluap***', '***elavynnus***', '***ac***', 'Female', 'Adult', '2003-04-18', 18),
(702801, 1, '***mahp***', '***ahk***', '***esoj nas***', '***ac***', 'Male', 'Adult', '2001-07-18', 19),
(703401, 2, '***mil***', '***noo oos***', '***esoj nas***', '***ac***', 'Male', 'Minor', '2003-08-09', 17),
(703701, 2, '***razalas***', '***suiram***', '***satiplim***', '***ac***', 'Male', 'Adult', '1991-04-18', 30),
(705501, 2, '***yebuahc***', '***ivallap***', '***esoj nas***', '***ac***', 'Female', 'Adult', '2001-05-22', 19),
(705502, 2, '***lawraga***', '***tikna***', '***esoj nas***', '***ac***', 'Male', 'Minor', '2014-03-16', 7),
(706301, 1, '***sniktaw***', '***eelyab***', '***esoj nas***', '***ac***', 'Female', 'Minor', '2015-03-22', 6),
(708401, 1, '***aicrag***', '***nivram***', '***esoj nas***', '***ac***', 'Male', 'Adult', '1990-07-10', 30),
(709701, 2, '***aicrocse***', '***rimme***', '***esoj nas***', '***ac***', 'Female', 'Minor', '2012-09-23', 8),
(710501, 2, '***srehturrac***', '***airam***', '***esoj nas***', '***ac***', 'Female', 'Adult', '1995-08-01', 25),
(711001, 2, '***meihc***', '***yvan adiriv***', '***esoj nas***', '***ac***', 'Female', 'Minor', '2006-12-15', 14),
(712601, 2, '***enimani***', '***elocin***', '***esoj nas***', '***ac***', 'Female', 'Adult', '1999-12-15', 21),
(713801, 1, '***gnohz***', '***nomis***', '***satiplim***', '***ac***', 'Male', 'Adult', '1990-08-01', 30),
(714101, 1, '***amrel***', '***oirad***', '***esoj nas***', '***ac***', 'Male', 'Adult', '1994-08-29', 26),
(714901, 2, '***yohc***', '***leinad***', '***llih nagrom***', '***ac***', 'Male', 'Minor', '2006-10-30', 14),
(715001, 2, '***yohc***', '***nilyram***', '***llih nagrom***', '***ac***', 'Female', 'Adult', '1991-06-04', 29),
(716401, 1, '***zetroc***', '***sucram***', '***esoj nas***', '***ac***', 'Male', 'Adult', '2001-04-08', 20),
(720301, 1, '***semog***', '***annaed***', '***tnomleb***', '***ac***', 'Female', 'Adult', '2003-04-18', 18),
(721601, 1, '***zenemij***', '***ysiad***', '***esoj nas***', '***ac***', 'Female', 'Adult', '1992-11-19', 28),
(722101, 2, '***uheyamela***', '***tiwad***', '***esoj nas***', '***ac***', 'Male', 'Adult', '1998-05-14', 22),
(722601, 1, '***ho***', '***ellehcim***', '***esoj nas***', '***ac***', 'Female', 'Adult', '1999-07-10', 21),
(723501, 2, '***zeugirdor***', '***divad***', '***esoj nas***', '***ac***', 'Male', 'Minor', '2017-12-29', 3),
(725501, 1, '***namssag***', '***aicirtap***', '***esoj nas***', '***ac***', 'Female', 'Adult', '1991-07-20', 29),
(725902, 2, '***renvircs***', '***kram***', '***esoj nas***', '***ac***', 'Male', 'Adult', '2003-03-22', 18),
(726301, 2, '***sinned***', '***suirad***', '***esoj nas***', '***ac***', 'Male', 'Adult', '2001-02-08', 20),
(726901, 2, '***nassued***', '***nagem***', '***weiv niatnuom***', '***ac***', 'Female', 'Minor', '2017-12-29', 3),
(730702, 2, '***ual***', '***annail***', '***satiplim***', '***ac***', 'Female', 'Adult', '1998-05-14', 22),
(730703, 2, '***nav***', '***leahcim***', '***satiplim***', '***ac***', 'Male', 'Minor', '2015-10-08', 5),
(731201, 1, '***rednaxela***', '***notlim***', '***esoj nas***', '***ac***', 'Male', 'Adult', '1991-06-04', 29),
(732201, 2, '***avlis***', '***solrac***', '***esoj nas***', '***ac***', 'Male', 'Minor', '2011-04-19', 10),
(734803, 2, '***adartse***', '***lezah***', '***esoj nas***', '***ac***', 'Female', 'Adult', '1994-08-29', 26),
(738401, 1, '***renots***', '***luap***', '***esoj nas***', '***ac***', 'Male', 'Adult', '1991-11-19', 29),
(738602, 1, '***edakef***', '***anayil***', '***esoj nas***', '***ac***', 'Female', 'Adult', '2003-04-18', 18),
(739601, 2, '***ssiew***', '***aim***', '***esoj nas***', '***ac***', 'Female', 'Minor', '2017-03-06', 4),
(740401, 2, '***abrob***', '***rehpotsirhc***', '***retawta***', '***ac***', 'Male', 'Minor', '2014-01-24', 7),
(740402, 2, '***abrob***', '***ynot***', '***retawta***', '***ac***', 'Male', 'Minor', '2014-01-24', 7),
(742901, 1, '***inalav***', '***rekahslug***', '***esoj nas***', '***ac***', 'Female', 'Adult', '2001-04-08', 20),
(743501, 1, '***jarhtilal***', '***nihav***', '***esoj nas***', '***ac***', 'Male', 'Adult', '1995-08-26', 25),
(743504, 1, '***jarhtilal***', '***hsemos***', '***esoj nas***', '***ac***', 'Male', 'Adult', '1991-07-20', 29),
(744001, 1, '***otilopih***', '***ayoh***', '***esoj nas***', '***ac***', 'Female', 'Minor', '2014-03-16', 7),
(747102, 1, '***asuos***', '***nagol***', '***esoj nas***', '***ac***', 'Male', 'Adult', '1991-11-19', 29),
(747202, 2, '***dnartske***', '***leahcim***', '***esoj nas***', '***ac***', 'Male', 'Adult', '1991-04-18', 30),
(747901, 2, '***noeled***', '***adian***', '***esoj nas***', '***ac***', 'Female', 'Adult', '1991-04-18', 30),
(748302, 1, '***dnal***', '***illek***', '***esoj nas***', '***ac***', 'Female', 'Adult', '1991-04-18', 30),
(749701, 1, '***arev***', '***noimad***', '***esoj nas***', '***ac***', 'Male', 'Adult', '1994-08-29', 26),
(750001, 1, '***rewop***', '***yram***', '***esoj nas***', '***ac***', 'Female', 'Adult', '1994-08-29', 26),
(750501, 2, '***zepol***', '***nailuj***', '***esoj nas***', '***ac***', 'Male', 'Adult', '1991-03-07', 30),
(750701, 2, '***uerba***', '***airam***', '***esoj nas***', '***ac***', 'Female', 'Minor', '2008-10-22', 12),
(750702, 1, '***uerba***', '***ynohtna***', '***esoj nas***', '***ac***', 'Male', 'Adult', '1991-11-19', 29),
(752101, 2, '***zelaznog***', '***airotciv***', '***esoj nas***', '***ac***', 'Female', 'Adult', '1994-08-29', 26),
(752601, 2, '***noskcire***', '***trebor***', '***esoj nas***', '***ac***', 'Male', 'Minor', '2015-10-08', 5),
(753701, 2, '***selogram***', '***yrag***', '***esoj nas***', '***ac***', 'Male', 'Minor', '2015-06-05', 5),
(753801, 1, '***agetro setneuf***', '***egroj***', '***esoj nas***', '***ac***', 'Male', 'Adult', '1999-03-05', 22),
(754901, 1, '***thgirwtrac***', '***nahtanoj***', '***tnomerf***', '***ac***', 'Male', 'Minor', '2016-03-31', 5),
(755201, 2, '***nitsua***', '***aniram***', '***esoj nas***', '***ac***', 'Female', 'Adult', '1993-12-29', 27),
(755401, 1, '***nillum***', '***relyt***', '***esoj nas***', '***ac***', 'Male', 'Adult', '1999-07-10', 21),
(756002, 2, '***otaner seyer***', '***omixam***', '***esoj nas***', '***ac***', 'Male', 'Minor', '2014-03-16', 7),
(756003, 1, '***seyer***', '***namier***', '***esoj nas***', '***ac***', 'Male', 'Adult', '1996-04-14', 25),
(756004, 1, '***seyer***', '***amri***', '***esoj nas***', '***ac***', 'Female', 'Adult', '2001-04-08', 20),
(756101, 1, '***reyi***', '***narak***', '***esoj nas***', '***ac***', 'Male', 'Minor', '2009-10-16', 11),
(756302, 1, '***oirogerg***', '***htur***', '***esoj nas***', '***ac***', 'Female', 'Adult', '1991-06-04', 29),
(756304, 2, '***sumel***', '***ynafetse***', '***esoj nas***', '***ac***', 'Female', 'Adult', '1991-04-18', 30),
(756901, 1, '***allidap***', '***hannah***', '***esoj nas***', '***ac***', 'Female', 'Minor', '2014-02-05', 7),
(757401, 1, '***arievlis***', '***anitsirhc***', '***esoj nas***', '***ac***', 'Female', 'Adult', '1997-01-22', 24),
(757601, 2, '***llever***', '***eniale***', '***esoj nas***', '***ac***', 'Female', 'Adult', '1994-08-29', 26),
(759301, 1, '***zelaznog***', '***eilatan***', '***doowtnerb***', '***ac***', 'Female', 'Minor', '2008-12-19', 12),
(759302, 2, '***zelaznog***', '***ovatsug***', '***doowtnerb***', '***ac***', 'Male', 'Adult', '1992-12-05', 28),
(759701, 1, '***enal***', '***ahsas***', '***esoj nas***', '***ac***', 'Female', 'Adult', '1994-08-29', 26),
(759702, 1, '***grak***', '***uyerta***', '***esoj nas***', '***ac***', 'Male', 'Minor', '2009-10-16', 11),
(760501, 2, '***layad***', '***khsinak***', '***esoj nas***', '***ac***', 'Male', 'Adult', '2002-02-11', 19),
(762101, 2, '***adeuqsep***', '***ellesig***', '***esoj nas***', '***ac***', 'Female', 'Adult', '1992-05-05', 28),
(762301, 1, '***htribmal***', '***nailuj***', '***esoj nas***', '***ac***', 'Male', 'Adult', '1999-09-14', 21),
(762501, 1, '***said***', '***oderfla***', '***esoj nas***', '***ac***', 'Male', 'Adult', '1992-05-23', 28),
(762601, 2, '***rawhsegan***', '***naahsi***', '***aralc atnas***', '***ac***', 'Male', 'Minor', '2016-05-26', 4),
(763601, 2, '***odasor ajotnap***', '***kcire***', '***tnomerf***', '***ac***', 'Male', 'Minor', '2016-02-10', 5),
(764101, 1, '***odnilag***', '***zul***', '***esoj nas***', '***ac***', 'Female', 'Adult', '2001-06-29', 19),
(764901, 1, '***yella***', '***salohcin***', '***aralc atnas***', '***ac***', 'Male', 'Adult', '1992-09-28', 28),
(765301, 1, '***nalicag***', '***nnelg***', '***evorg kle***', '***ac***', 'Male', 'Minor', '2010-12-12', 10),
(766001, 1, '***nameloc***', '***anaihse***', '***esoj nas***', '***ac***', 'Female', 'Minor', '2013-07-31', 7),
(766101, 2, '***odadraug***', '***alicul***', '***esoj nas***', '***ac***', 'Female', 'Minor', '2017-03-18', 4),
(766801, 1, '***retsifp***', '***nairb***', '***esoj nas***', '***ac***', 'Male', 'Minor', '2006-09-21', 14),
(767301, 1, '***zepol***', '***sesiom***', '***yorlig***', '***ac***', 'Male', 'Adult', '1991-03-07', 30),
(768502, 2, '***ybbes***', '***anitsirk***', '***esoj nas***', '***ac***', 'Female', 'Adult', '1991-04-18', 30),
(769001, 1, '***enovap***', '***einnob***', '***tnomerf***', '***ac***', 'Female', 'Adult', '2001-04-08', 20),
(769101, 1, '***erah***', '***nhoj***', '***otla olap***', '***ac***', 'Male', 'Adult', '1991-01-15', 30),
(769401, 2, '***moobnesoor***', '***sudnalor***', '***esoj nas***', '***ac***', 'Male', 'Minor', '2015-10-08', 5),
(769901, 1, '***notrub***', '***ycnan***', '***esoj nas***', '***ac***', '', 'Adult', '1991-07-20', 29),
(770101, 2, '***elgeeps***', '***ydnas***', '***llih nagrom***', '***ac***', 'Female', 'Adult', '1991-04-18', 30),
(770203, 1, '***sredrah***', '***aryl***', '***esoj nas***', '***ac***', 'Female', 'Adult', '1991-07-20', 29),
(771001, 2, '***serrot***', '***legna***', '***esoj nas***', '***ac***', 'Male', 'Adult', '1991-04-18', 30),
(771002, 1, '***serrot***', '***zilecnarf***', '***esoj nas***', '***ac***', 'Female', 'Adult', '1991-07-20', 29),
(771003, 1, '***seniab serrot***', '***mada***', '***esoj nas***', '***ac***', 'Male', 'Adult', '1992-11-19', 28),
(771201, 2, '***gatnunam***', '***haon***', '***esoj nas***', '***ac***', 'Male', 'Adult', '2000-07-03', 20),
(771202, 2, '***gatnunam***', '***belac***', '***esoj nas***', '***ac***', 'Male', 'Adult', '1999-09-14', 21),
(771601, 1, '***raliuga***', '***odraude***', '***esoj nas***', '***ac***', 'Male', 'Adult', '2001-04-08', 20),
(771603, 1, '***arev***', '***airotciv***', '***esoj nas***', '***ac***', 'Female', 'Adult', '2001-04-08', 20),
(771801, 2, '***narocroc***', '***ecinreb***', '***esoj nas***', '***ac***', '', 'Adult', '1992-11-19', 28),
(771901, 1, '***llettac***', '***ycnan***', '***elavynnus***', '***ac***', 'Female', 'Adult', '1999-07-10', 21),
(772001, 1, '***amil***', '***treblig***', '***esoj nas***', '***ac***', '', 'Adult', '1990-07-10', 30),
(772601, 2, '***nohamcm***', '***yduj***', '***tnomerf***', '***ac***', 'Female', 'Adult', '1992-11-19', 28),
(774001, 2, '***zehcnas***', '***aryam***', '***esoj nas***', '***ac***', 'Female', 'Adult', '1991-10-17', 29),
(775301, 2, '***noetnom***', '***solrac***', '***esoj nas***', '***ac***', 'Male', 'Minor', '2011-06-24', 9),
(775401, 2, '***neyugn***', '***avon***', '***esoj nas***', '***ac***', '', 'Adult', '1991-04-18', 30),
(775601, 2, '***neyugn***', '***hnid***', '***esoj nas***', '***ac***', 'Female', 'Adult', '1995-11-02', 25),
(776001, 1, '***ecarg***', '***atinod***', '***esoj nas***', '***ac***', 'Female', 'Adult', '1997-01-22', 24);
INSERT INTO `patientinfo` (`PatID`, `practiceid`, `lastname`, `firstname`, `city`, `state`, `gender`, `patientagegroup`, `birthdate`, `age`) VALUES
(776101, 2, '***arevir***', '***anirak***', '***nitram nas***', '***ac***', 'Female', 'Adult', '1991-07-25', 29),
(776201, 1, '***azonipse***', '***otrebla***', '***esoj nas***', '***ac***', 'Male', 'Adult', '2001-04-08', 20),
(776401, 2, '***namzug***', '***oetam***', '***esoj nas***', '***ac***', 'Male', 'Adult', '1999-07-10', 21),
(776701, 1, '***bvahbarp***', '***aytida***', '***esoj nas***', '***ac***', 'Male', 'Minor', '2015-03-22', 6),
(777001, 1, '***rojiuqis***', '***latsirk***', '***ytic noinu***', '***ac***', 'Female', 'Adult', '1991-06-04', 29),
(777101, 2, '***orodoet***', '***oinotna***', '***esoj nas***', '***ac***', 'Male', 'Adult', '1997-02-04', 24),
(777401, 1, '***yelkcub***', '***divad***', '***esoj nas***', '***ac***', 'Male', 'Adult', '1991-07-20', 29),
(777801, 1, '***llewnrab***', '***nave***', '***esoj nas***', '***ac***', 'Male', 'Adult', '1999-07-10', 21),
(777901, 2, '***zeuqsav***', '***ybur***', '***esoj nas***', '***ac***', 'Female', 'Adult', '1996-09-30', 24),
(778001, 2, '***zonum***', '***belac***', '***esoj nas***', '***ac***', 'Male', 'Adult', '1998-05-14', 22),
(778301, 2, '***serolf***', '***assyla***', '***esoj nas***', '***ac***', 'Female', 'Adult', '1991-10-17', 29),
(778501, 2, '***odanodlam***', '***hayilaa***', '***esoj nas***', '***ac***', '', 'Minor', '2010-12-12', 10),
(779001, 1, '***neyugn***', '***gnouh***', '***esoj nas***', '***ac***', 'Female', 'Minor', '2006-09-21', 14),
(779501, 1, '***letap***', '***tnahsin***', '***esoj nas***', '***ac***', 'Male', 'Adult', '2001-04-08', 20),
(779901, 2, '***iuqiddis***', '***riglid***', '***esoj nas***', '***ac***', 'Male', 'Adult', '1999-12-15', 21),
(780201, 1, '***yu***', '***yrrahc***', '***aralc atnas***', '***ac***', 'Female', 'Adult', '1991-01-15', 30),
(780301, 2, '***namhar***', '***nayar***', '***elavynnus***', '***ac***', 'Male', 'Minor', '2010-12-12', 10),
(780401, 2, '***zerimar***', '***leiru***', '***esoj nas***', '***ac***', 'Male', 'Minor', '2015-10-08', 5),
(780601, 2, '***hcorc***', '***nhoj***', '***esoj nas***', '***ac***', '', 'Minor', '2015-11-05', 5),
(780701, 2, '***gnad***', '***ueis***', '***esoj nas***', '***ac***', 'Male', 'Minor', '2006-12-15', 14),
(780901, 2, '***selaznog***', '***oerene***', '***onitrepuc***', '***ac***', 'Male', 'Adult', '1998-05-14', 22),
(780902, 2, '***selaznog***', '***artep***', '***onitrepuc***', '***ac***', 'Female', 'Adult', '1994-08-29', 26),
(781001, 2, '***ollidab***', '***legna***', '***esoj nas***', '***ac***', 'Male', 'Minor', '2003-08-09', 17),
(781201, 2, '***hsirrap***', '***nahtan***', '***esoj nas***', '***ac***', 'Male', 'Minor', '2009-02-15', 12),
(781401, 1, '***aicrag***', '***eerised***', '***esoj nas***', '***ac***', 'Female', 'Minor', '2013-07-14', 7),
(781701, 1, '***yh***', '***ium***', '***esoj nas***', '***ac***', '', 'Adult', '1999-07-10', 21),
(782201, 1, '***zeravla***', '***drahcir***', '***esoj nas***', '***ac***', '', 'Adult', '1999-07-10', 21),
(782401, 1, '***emiaj-sabpla***', '***melzo***', '***esoj nas***', '***ac***', 'Female', 'Minor', '2017-02-11', 4),
(782601, 2, '***arerreh***', '***reivax***', '***esoj nas***', '***ac***', 'Male', 'Adult', '1994-08-29', 26),
(782701, 1, '***agaetra***', '***asor***', '***esoj nas***', '***ac***', 'Female', 'Adult', '1999-07-10', 21),
(782801, 2, '***selaznog***', '***noj***', '***oznerol nas***', '***ac***', 'Male', 'Adult', '2000-07-03', 20),
(783001, 1, '***allidabob***', '***ettenaej***', '***esoj nas***', '***ac***', 'Female', '', '1990-08-01', 0),
(783101, 1, '***legnar***', '***airam***', '***esoj nas***', '***ac***', 'Female', '', '1999-07-10', 0),
(783102, 1, '***legnar***', '***susej***', '***esoj nas***', '***ac***', 'Male', '', '2002-08-16', 0),
(783401, 1, '***mahp***', '***nnanej***', '***satiplim***', '***ac***', 'Female', '', '2017-02-11', 0),
(783501, 1, '***rerehcs***', '***neeruam***', '***esoj nas***', '***ac***', 'Female', '', '2008-12-19', 0),
(783601, 1, '***ot***', '***rolyat***', '***esoj nas***', '***ac***', 'Male', '', '1991-06-04', 0),
(783701, 2, '***zodnem dadinirt***', '***aniles***', '***esoj nas***', '***ac***', '', '', '2015-11-05', 0),
(783702, 2, '***azodnemdadinirt***', '***euqirnesiul***', '***esoj nas***', '***ac***', '', '', '2006-10-16', 0),
(783801, 1, '***zeravla***', '***acilegna***', '***esoj nas***', '***ac***', 'Female', '', '1990-07-10', 0),
(783901, 2, '***ila***', '***naaya***', '***esoj nas***', '***ac***', 'Male', '', '2000-06-05', 0),
(784001, 2, '***zerimar***', '***animrelliug***', '***esoj nas***', '***ac***', 'Female', '', '1997-07-28', 0),
(784101, 2, '***ikesnihs***', '***nitsuj***', '***esoj nas***', '***ac***', 'Male', '', '1998-05-14', 0),
(784201, 1, '***rendrag***', '***ymmij***', '***esoj nas***', '***ac***', '', '', '1991-07-20', 0),
(784301, 1, '***hsohg***', '***arhbuhs***', '***weiv niatnuom***', '***ac***', 'Female', '', '1995-11-02', 0),
(784401, 1, '***oremor***', '***anirda***', '***esoj nas***', '***ac***', '', '', '2006-10-16', 0),
(784501, 1, '***oremor***', '***ellirbua***', '***esoj nas***', '***ac***', '', '', '2006-10-16', 0),
(784601, 2, '***etnagnam***', '***bocaj***', '***yorlig***', '***ac***', 'Male', '', '2006-12-15', 0),
(784801, 2, '***leviuqse***', '***ragde***', '***zurc atnas***', '***ac***', 'Male', '', '2015-11-05', 0),
(784901, 2, '***yelap***', '***leinad***', '***esoj nas***', '***ac***', 'Male', '', '1991-04-18', 0),
(785101, 2, '***lihtahcam***', '***sihtoyj***', '***esoj nas***', '***ac***', 'Male', '', '1999-11-22', 0),
(785201, 1, '***hgnis***', '***teejrug***', '***esoj nas***', '***ac***', 'Male', '', '2006-10-16', 0),
(785301, 1, '***hsolem***', '***arabrab***', '***otla olap***', '***ac***', '', '', '1991-06-04', 0),
(785501, 1, '***rednepoohb***', '***vaday***', '***esoj nas***', '***ac***', 'Male', '', '1991-07-20', 0),
(785601, 1, '***alugal***', '***nediaj wehttam***', '***oetam nas***', '***ac***', 'Male', '', '1991-07-20', 0),
(785701, 2, '***eninnep***', '***nerual***', '***leuqos***', '***ac***', 'Female', '', '1991-04-18', 0),
(785801, 2, '***thu***', '***acsecnarf***', '***esoj nas***', '***ac***', '', '', '1991-03-07', 0),
(786201, 1, '***odeveca***', '***amri***', '***esoj nas***', '***ac***', '', '', '1992-09-28', 0),
(786401, 1, '***aoreugif***', '***allerim***', '***aralc atnas***', '***ac***', 'Female', '', '1994-11-04', 0),
(786801, 2, '***oidotsuc***', '***airam***', '***esoj nas***', '***ac***', 'Female', '', '2003-08-09', 0),
(786901, 1, '***yburh***', '***drawoh***', '***esoj nas***', '***ac***', 'Male', '', '1999-07-10', 0),
(787101, 1, '***lapolehs***', '***annayra***', '***esoj nas***', '***ac***', 'Female', '', '1991-07-20', 0),
(787201, 1, '***orah***', '***oiuqixe***', '***yab noom flah***', '***ac***', 'Male', '', '1995-02-22', 0),
(787401, 1, '***lavodnas***', '***oetam***', '***aralc atnas***', '***ac***', 'Male', '', '1994-08-29', 0),
(787501, 1, '***atiderin***', '***ihsuhk***', '***onitrepuc***', '***ac***', 'Female', '', '2000-01-28', 0),
(787801, 1, '***onitramed***', '***inoek***', '***esoj nas***', '***ac***', 'Male', '', '2001-04-08', 0),
(788101, 1, '***soluopoilok***', '***eedaj***', '***esoj nas***', '***ac***', 'Female', '', '2001-07-18', 0),
(788201, 1, '***amsedel***', '***yrag***', '***esoj nas***', '***ac***', 'Male', '', '1991-04-18', 0),
(788401, 1, '***edvehs***', '***rukna***', '***esoj nas***', '***ac***', 'Male', '', '2001-04-08', 0),
(788501, 1, '***ual***', '***nik koh***', '***satiplim***', '***ac***', '', '', '2001-04-08', 0),
(788601, 1, '***nelliug***', '***rodavlas***', '***esoj nas***', '***ac***', 'Male', '', '1999-03-05', 0),
(788602, 2, '***nelliug ebiru***', '***leiuqeze***', '***esoj nas***', '***ac***', 'Male', '', '2000-11-20', 0),
(788801, 2, '***nayr***', '***yhtomit***', '***esoj nas***', '***ac***', 'Male', '', '2001-02-13', 0),
(789101, 1, '***neerg***', '***leuqar***', '***esoj nas***', '***ac***', 'Female', '', '1991-11-19', 0),
(789401, 1, '***zurc***', '***ragde***', '***esoj nas***', '***ac***', 'Male', '', '2006-01-18', 0),
(789501, 1, '***nadroj***', '***selrahc***', '***esoj nas***', '***ac***', 'Male', '', '1991-04-18', 0),
(789601, 2, '***aicrag aoreugif***', '***rami***', '***esoj nas***', '***ac***', 'Female', '', '1995-05-16', 0),
(789701, 2, '***narom***', '***airotciv***', '***sotag sol***', '***ac***', 'Female', '', '2000-07-03', 0),
(789801, 2, '***anim***', '***airehtfele***', '***esoj nas***', '***ac***', 'Female', '', '1991-04-18', 0),
(789901, 1, '***gnuoy***', '***hayilaa***', '***esoj nas***', '***ac***', 'Female', '', '2006-01-18', 0),
(790001, 1, '***hgnis***', '***itoyj***', '***esoj nas***', '***ac***', 'Female', '', '1991-04-18', 0),
(790101, 2, '***sleinad***', '***irahk***', '***aralc atnas***', '***ac***', 'Male', '', '2001-02-08', 0),
(790301, 2, '***aiavrocni***', '***hpesoj***', '***esoj nas***', '***ac***', '', '', '1991-04-18', 0),
(790401, 2, '***serolf***', '***adnilamreh***', '***esoj nas***', '***ac***', 'Female', '', '2010-12-12', 0),
(790402, 1, '***serolf zeuqrob***', '***epulyram***', '***esoj nas***', '***ac***', 'Female', '', '2003-04-18', 0),
(790501, 2, '***segdeh***', '***hpesoj***', '***esoj nas***', '***ac***', 'Male', '', '1996-04-14', 0),
(790601, 2, '***nifrom***', '***airalednac***', '***esoj nas***', '***ac***', 'Female', '', '1999-09-14', 0),
(790602, 2, '***nifrom aicrag***', '***miarzim***', '***esoj nas***', '***ac***', 'Male', '', '2011-04-19', 0),
(790801, 1, '***zelaznog***', '***ainedrag***', '***esoj nas***', '***ac***', 'Female', '', '1992-11-19', 0),
(791001, 2, '***zelaznog***', '***eiram***', '***esoj nas***', '***ac***', 'Female', '', '2011-06-24', 0),
(791101, 2, '***zeugirdor***', '***arihsoy***', '***llebpmac***', '***ac***', 'Female', '', '2000-07-03', 0),
(791201, 2, '***el***', '***neiht ad cuhp***', '***esoj nas***', '***ac***', 'Male', '', '2017-03-11', 0),
(791401, 2, '***rareif***', '***wehttam***', '***esoj nas***', '***ac***', 'Male', '', '2003-02-04', 0),
(791402, 2, '***rareif***', '***yelhsa***', '***esoj nas***', '***ac***', 'Female', '', '1996-09-30', 0),
(791501, 2, '***ttort-rekamuhcs***', '***wehttam***', '***esoj nas***', '***ac***', 'Male', '', '2014-03-16', 0),
(791601, 2, '***zehcnas***', '***nemrac***', '***esoj nas***', '***ac***', 'Female', '', '1999-12-15', 0),
(791701, 2, '***inias***', '***irakhsal***', '***esoj nas***', '***ac***', 'Male', '', '2012-06-11', 0),
(791801, 2, '***aimar***', '***assirak***', '***esoj nas***', '***ac***', '', '', '1997-01-22', 0),
(791901, 2, '***zerep***', '***ahasom***', '***esoj nas***', '***ac***', 'Male', '', '2017-03-18', 0),
(792001, 2, '***irahkub***', '***lalib***', '***esoj nas***', '***ac***', 'Male', '', '2011-04-19', 0),
(792101, 2, '***sanres***', '***saiasi***', '***retsilloh***', '***ac***', 'Male', '', '2010-12-12', 0),
(792301, 2, '***setnamalat***', '***aihpos***', '***esoj nas***', '***ac***', 'Female', '', '1999-09-14', 0),
(792401, 2, '***oar***', '***naaiv***', '***esoj nas***', '***ac***', 'Male', '', '1992-12-05', 0),
(792501, 1, '***ollidagled***', '***airam***', '***esoj nas***', '***ac***', '', '', '2003-04-18', 0),
(793001, 2, '***nallimcm***', '***oiram***', '***esoj nas***', '***ac***', '', '', '1993-12-29', 0),
(793101, 1, '***purhtron***', '***wehttam***', '***esoj nas***', '***ac***', 'Male', '', '2003-04-18', 0),
(793401, 1, '***srehturrac***', '***semaj***', '***esoj nas***', '***ac***', 'Male', '', '2016-03-31', 0),
(793501, 2, '***oahz***', '***gnip***', '***esoj nas***', '***ac***', '', '', '2011-04-19', 0),
(793601, 1, '***agicra***', '***assilem***', '***esoj nas***', '***ac***', 'Female', '', '1992-11-19', 0),
(793701, 2, '***rohclem***', '***nedyarb***', '***esoj nas***', '***ac***', 'Male', '', '2011-04-19', 0),
(794001, 1, '***ekmel***', '***acinom***', '***esoj nas***', '***ac***', 'Female', '', '2011-04-19', 0),
(794401, 1, '***dirdam***', '***trebor***', '***elavynnus***', '***ac***', 'Male', '', '2008-12-19', 0),
(794501, 1, '***namzuged***', '***aria eiuol***', '***esoj nas***', '***ac***', 'Female', '', '1992-11-19', 0);

-- --------------------------------------------------------

--
-- Table structure for table `transactioninfo`
--

CREATE TABLE IF NOT EXISTS `transactioninfo` (
  `transid` int(11) NOT NULL DEFAULT '0',
  `patid` int(11) DEFAULT NULL,
  `proceduretype` varchar(100) DEFAULT NULL,
  `proceduredate` date DEFAULT NULL,
  `prov` int(11) DEFAULT NULL,
  `amount` float DEFAULT NULL,
  `clinicid` int(11) DEFAULT NULL,
  PRIMARY KEY (`transid`)
) ENGINE=InnoDB DEFAULT CHARSET=latin1;

--
-- Dumping data for table `transactioninfo`
--

INSERT INTO `transactioninfo` (`transid`, `patid`, `proceduretype`, `proceduredate`, `prov`, `amount`, `clinicid`) VALUES
(609395, 688603, 'Payment', '2020-08-07', 1, -100, 1),
(609400, 790001, 'Production', '2020-08-07', 1, 0, 1),
(609401, 60101, 'Production', '2020-08-07', 1, 0, 1),
(609404, 630301, 'Payment', '2020-08-07', 1, -34, 1),
(609405, 419206, 'Payment', '2020-08-07', 1, -412.8, 1),
(609406, 419206, 'Collection Adjsutment', '2020-08-07', 1, -598, 1),
(609407, 419204, 'Payment', '2020-08-07', 1, -174, 1),
(609408, 419204, 'Collection Adjsutment', '2020-08-07', 1, -134.6, 1),
(609409, 419206, 'Payment', '2020-08-07', 1, -65, 1),
(609410, 419206, 'Collection Adjsutment', '2020-08-07', 1, -66, 1),
(609411, 419206, 'Payment', '2020-08-07', 1, -208, 1),
(609412, 419206, 'Collection Adjsutment', '2020-08-07', 1, -209, 1),
(609413, 779901, 'Payment', '2020-08-07', 1, -70, 1),
(609414, 779901, 'Collection Adjsutment', '2020-08-07', 1, -98, 1),
(609415, 356301, 'Payment', '2020-08-07', 1, -174, 1),
(609416, 356301, 'Collection Adjsutment', '2020-08-07', 1, -153, 1),
(609417, 419202, 'Payment', '2020-08-07', 1, -106, 1),
(609418, 419202, 'Collection Adjsutment', '2020-08-07', 1, -67, 1),
(609419, 419202, 'Payment', '2020-08-07', 1, 0, 1),
(609420, 419202, 'Collection Adjsutment', '2020-08-07', 1, -15, 1),
(609421, 419202, 'Collection Adjsutment', '2020-08-07', 1, -10, 1),
(609422, 419201, 'Production Adjustment', '2020-08-07', 1, 10, 1),
(609423, 723501, 'Payment', '2020-08-07', 1, -106, 1),
(609424, 723501, 'Collection Adjsutment', '2020-08-07', 1, -92, 1),
(609425, 471001, 'Payment', '2020-08-07', 1, 0, 1),
(609426, 471001, 'Collection Adjsutment', '2020-08-07', 1, -25, 1),
(609427, 361903, 'Payment', '2020-08-07', 1, 0, 1),
(609428, 361903, 'Collection Adjsutment', '2020-08-07', 1, -25, 1),
(609429, 755201, 'Payment', '2020-08-07', 1, 0, 1),
(609430, 755201, 'Collection Adjsutment', '2020-08-07', 1, -25, 1),
(609431, 5304, 'Production', '2020-08-07', 1, 0, 1),
(609432, 489201, 'Production', '2020-08-07', 1, 0, 1),
(609434, 473501, 'Collection Adjsutment', '2020-08-07', 1, -431, 1),
(609435, 505901, 'Payment', '2020-08-07', 1, -221, 1),
(609436, 505901, 'Collection Adjsutment', '2020-08-07', 1, -159, 1),
(609437, 423901, 'Payment', '2020-08-07', 1, -109, 1),
(609438, 423901, 'Collection Adjsutment', '2020-08-07', 1, -138, 1),
(609440, 254902, 'Payment', '2020-08-07', 1, -89, 1),
(609441, 421705, 'Payment', '2020-08-07', 1, -113, 1),
(609442, 421705, 'Collection Adjsutment', '2020-08-07', 1, -92, 1),
(609443, 8301, 'Payment', '2020-08-07', 1, -68.6, 1),
(609444, 8301, 'Collection Adjsutment', '2020-08-07', 1, -140, 1),
(609446, 83202, 'Payment', '2020-08-07', 1, -500, 1),
(609447, 688603, 'Production', '2020-08-07', 1, 0, 1),
(609448, 688603, 'Production', '2020-08-07', 1, 159, 1),
(609450, 794001, 'Production', '2020-08-07', 1, 0, 1),
(609456, 630301, 'Production', '2020-08-07', 1, 0, 1),
(609457, 630301, 'Production', '2020-08-07', 1, 0, 1),
(609458, 630301, 'Production', '2020-08-07', 1, 0, 1),
(609459, 630301, 'Production', '2020-08-07', 1, 0, 1),
(609460, 630301, 'Production', '2020-08-07', 1, 13, 1),
(609462, 630301, 'Production', '2020-08-07', 1, 24, 1),
(609463, 794001, 'Production', '2020-08-07', 1, 0, 1),
(609464, 83202, 'Production', '2020-08-07', 1, 0, 1),
(609465, 625101, 'Production', '2020-08-07', 1, 0, 1),
(609466, 625101, 'Production', '2020-08-07', 1, 13, 1),
(609467, 625101, 'Production', '2020-08-07', 1, 0, 1),
(609468, 625101, 'Production', '2020-08-07', 1, 0, 1),
(609469, 625101, 'Production', '2020-08-07', 1, 0, 1),
(609470, 625101, 'Production', '2020-08-07', 1, 0, 1),
(609471, 776001, 'Production', '2020-08-07', 1, 10, 1),
(609472, 776001, 'Production', '2020-08-07', 1, 13, 1),
(609474, 336602, 'Production', '2020-08-07', 1, 115, 1),
(609475, 336602, 'Production', '2020-08-07', 1, 55, 1),
(609476, 336602, 'Production', '2020-08-07', 1, 65, 1),
(609477, 336602, 'Production', '2020-08-07', 1, 82, 1),
(609478, 336602, 'Production', '2020-08-07', 1, 23, 1),
(609479, 336602, 'Production', '2020-08-07', 1, 23, 1),
(609480, 336602, 'Production', '2020-08-07', 1, 25, 1),
(609481, 633004, 'Production', '2020-08-07', 1, 0, 1),
(609482, 633004, 'Production', '2020-08-07', 1, 0, 1),
(609483, 693401, 'Production', '2020-08-07', 20, 115, 1),
(609484, 693401, 'Production', '2020-08-07', 20, 82, 1),
(609485, 693401, 'Production', '2020-08-07', 1, 35, 1),
(609486, 693401, 'Production', '2020-08-07', 20, 23, 1),
(609487, 693401, 'Production', '2020-08-07', 20, 55, 1),
(609488, 693401, 'Production', '2020-08-07', 1, 65, 1),
(609489, 693401, 'Production', '2020-08-07', 1, 25, 1),
(609490, 678501, 'Production', '2020-08-07', 1, 115, 1),
(609492, 576601, 'Production', '2020-08-07', 1, 82, 1),
(609493, 576601, 'Production', '2020-08-07', 1, 35, 1),
(609494, 576601, 'Production', '2020-08-07', 1, 23, 1),
(609496, 576601, 'Production', '2020-08-07', 1, 25, 1),
(609497, 576601, 'Collection Adjsutment', '2020-08-07', 1, -50, 1),
(609498, 794001, 'Production', '2020-08-07', 1, 150, 1),
(609499, 794001, 'Production', '2020-08-07', 1, 100, 2),
(609500, 757401, 'Production', '2020-08-07', 1, 22, 1),
(609501, 757401, 'Production', '2020-08-07', 1, 73, 1),
(609502, 20801, 'Payment', '2020-08-07', 1, -155, 1),
(609503, 20801, 'Collection Adjsutment', '2020-08-07', 1, -148, 1),
(609504, 790601, 'Payment', '2020-08-07', 1, -20, 1),
(609505, 5304, 'Production', '2020-08-07', 1, 0, 1),
(609506, 489201, 'Production', '2020-08-07', 1, 0, 1),
(609508, 776001, 'Production', '2020-08-07', 1, 0, 1),
(609509, 793601, 'Payment', '2020-08-10', 1, -10, 2),
(609510, 776001, 'Production', '2020-08-10', 1, 0, 2),
(609511, 664401, 'Production', '2020-08-10', 1, 0, 2),
(609512, 471001, 'Production', '2020-08-10', 1, 0, 2),
(609515, 793401, 'Payment', '2020-08-10', 1, -100, 2),
(609516, 793401, 'Payment', '2020-08-10', 1, -100, 2),
(609517, 688603, 'Production', '2020-08-10', 1, 0, 2),
(609529, 489803, 'Payment', '2020-08-10', 1, -206, 2),
(609530, 489803, 'Collection Adjsutment', '2020-08-10', 1, -159, 2),
(609531, 489802, 'Payment', '2020-08-10', 1, -160, 2),
(609532, 603101, 'Production', '2020-08-10', 1, 0, 2),
(609533, 489802, 'Collection Adjsutment', '2020-08-10', 1, -181, 2),
(609534, 489801, 'Payment', '2020-08-10', 1, -123, 2),
(609535, 489801, 'Collection Adjsutment', '2020-08-10', 1, -180, 2),
(609536, 472301, 'Payment', '2020-08-10', 1, 0, 2),
(609537, 472301, 'Payment', '2020-08-10', 1, -142, 2),
(609538, 472301, 'Collection Adjsutment', '2020-08-10', 1, -160, 2),
(609539, 420001, 'Payment', '2020-08-10', 1, -159.5, 2),
(609540, 420001, 'Collection Adjsutment', '2020-08-10', 1, -140, 2),
(609541, 791101, 'Payment', '2020-08-10', 1, -417.6, 2),
(609542, 791101, 'Collection Adjsutment', '2020-08-10', 1, -602, 2),
(609543, 122002, 'Payment', '2020-08-10', 1, -248.4, 2),
(609544, 122002, 'Payment', '2020-08-10', 1, -4.8, 2),
(609545, 792401, 'Payment', '2020-08-10', 1, -50, 2),
(609546, 792401, 'Collection Adjsutment', '2020-08-10', 1, -87, 2),
(609547, 762101, 'Payment', '2020-08-10', 1, -206, 2),
(609548, 762101, 'Collection Adjsutment', '2020-08-10', 1, -159, 2),
(609550, 433201, 'Payment', '2020-08-10', 1, -220, 2),
(609551, 433201, 'Collection Adjsutment', '2020-08-10', 1, -139, 2),
(609552, 789701, 'Payment', '2020-08-10', 1, -1295.2, 2),
(609553, 789701, 'Collection Adjsutment', '2020-08-10', 1, -1495, 2),
(609554, 693801, 'Production', '2020-08-10', 1, 0, 2),
(609555, 647901, 'Payment', '2020-08-10', 1, -76, 2),
(609556, 647901, 'Collection Adjsutment', '2020-08-10', 1, -38, 2),
(609558, 712601, 'Payment', '2020-08-10', 1, -220, 2),
(609559, 712601, 'Collection Adjsutment', '2020-08-10', 1, -180, 2),
(609560, 690501, 'Payment', '2020-08-10', 1, -220, 2),
(609561, 690501, 'Collection Adjsutment', '2020-08-10', 1, -155, 2),
(609562, 205801, 'Payment', '2020-08-10', 1, -141, 2),
(609564, 783801, 'Production', '2020-08-10', 20, 115, 2),
(609565, 783801, 'Production', '2020-08-10', 1, 65, 2),
(609566, 783801, 'Production', '2020-08-10', 20, 55, 2),
(609567, 783801, 'Payment', '2020-08-10', 1, 0, 2),
(609568, 793401, 'Production', '2020-08-10', 1, 144, 2),
(609569, 793401, 'Production', '2020-08-10', 1, 0, 2),
(609570, 793601, 'Production', '2020-08-10', 1, 0, 2),
(609571, 793601, 'Production', '2020-08-10', 1, 0, 2),
(609572, 793601, 'Production', '2020-08-10', 1, 0, 2),
(609573, 793601, 'Production', '2020-08-10', 1, 0, 2),
(609574, 793601, 'Production', '2020-08-10', 1, 13, 2),
(609575, 793601, 'Production', '2020-08-10', 1, 0, 2),
(609576, 505401, 'Production', '2020-08-10', 1, 0, 2),
(609577, 380701, 'Production', '2020-08-10', 1, 0, 2),
(609578, 146704, 'Payment', '2020-08-10', 1, -173.5, 2),
(609580, 791101, 'Production', '2020-08-10', 1, 0, 2),
(609582, 789701, 'Production', '2020-08-10', 1, 0, 2),
(609583, 649201, 'Production Adjustment', '2020-08-10', 1, 73, 2),
(609584, 649204, 'Collection Adjsutment', '2020-08-10', 1, -73, 2),
(609587, 281402, 'Production', '2020-08-10', 20, 115, 2),
(609588, 281402, 'Production', '2020-08-10', 20, 55, 2),
(609589, 281402, 'Production', '2020-08-10', 1, 65, 2),
(609590, 281402, 'Production', '2020-08-10', 1, 0, 2),
(609591, 45001, 'Production', '2020-08-10', 20, 115, 2),
(609592, 45001, 'Production', '2020-08-10', 1, 65, 2),
(609593, 146704, 'Production', '2020-08-10', 1, 270, 2),
(609594, 146704, 'Production', '2020-08-10', 1, 325, 2),
(609595, 146704, 'Production', '2020-08-10', 1, 270, 2),
(609596, 146704, 'Production', '2020-08-10', 1, 270, 2),
(609597, 146704, 'Production', '2020-08-10', 1, 25, 2),
(609598, 146704, 'Production', '2020-08-10', 1, 0, 2),
(609599, 118501, 'Production', '2020-08-10', 20, 115, 2),
(609600, 118501, 'Production', '2020-08-10', 20, 55, 2),
(609601, 118501, 'Production', '2020-08-10', 1, 65, 2),
(609602, 771003, 'Payment', '2020-08-10', 1, -1316.2, 2),
(609603, 596101, 'Production', '2020-08-10', 1, 0, 2),
(609604, 789701, 'Payment', '2020-08-10', 1, -31.4, 2),
(609605, 708401, 'Payment', '2020-08-10', 1, -87.7, 2),
(609606, 771003, 'Production', '2020-08-10', 1, 317, 2),
(609607, 771003, 'Production', '2020-08-10', 1, 317, 2),
(609608, 771003, 'Production', '2020-08-10', 1, 184, 2),
(609609, 771003, 'Production', '2020-08-10', 1, 780, 2),
(609610, 771003, 'Production', '2020-08-10', 1, 780, 2),
(609611, 771003, 'Production', '2020-08-10', 1, 162, 2),
(609612, 794001, 'Production', '2020-08-10', 1, 0, 2),
(609613, 762101, 'Production', '2020-08-10', 1, 0, 2),
(609614, 392501, 'Production', '2020-08-10', 1, 0, 2),
(609615, 781001, 'Payment', '2020-08-10', 1, -135, 2),
(609616, 771003, 'Production', '2020-08-10', 1, 0, 2),
(609617, 708401, 'Production', '2020-08-10', 1, 197, 2),
(609618, 708401, 'Production', '2020-08-10', 1, 82, 2),
(609619, 708401, 'Production', '2020-08-10', 1, 35, 2),
(609620, 708401, 'Production', '2020-08-10', 1, 23, 2),
(609621, 708401, 'Production', '2020-08-10', 1, 65, 2),
(609622, 708401, 'Production', '2020-08-10', 1, 55, 2),
(609623, 708401, 'Production', '2020-08-10', 1, 25, 2),
(609625, 118501, 'Payment', '2020-08-10', 1, -26, 2),
(609626, 577301, 'Production', '2020-08-10', 1, 0, 2),
(609632, 497002, 'Production', '2020-08-10', 1, 0, 2),
(609633, 497002, 'Production', '2020-08-10', 1, 0, 2),
(609634, 240803, 'Production', '2020-08-10', 20, 115, 2),
(609635, 240803, 'Production', '2020-08-10', 20, 82, 2),
(609636, 240803, 'Production', '2020-08-10', 1, 35, 2),
(609637, 240803, 'Production', '2020-08-10', 20, 23, 2),
(609638, 240803, 'Production', '2020-08-10', 1, 65, 2),
(609639, 240801, 'Production', '2020-08-10', 20, 115, 2),
(609640, 240801, 'Production', '2020-08-10', 20, 82, 2),
(609641, 240801, 'Production', '2020-08-10', 1, 35, 2),
(609642, 240801, 'Production', '2020-08-10', 20, 23, 2),
(609643, 240801, 'Production', '2020-08-10', 1, 65, 2),
(609644, 528401, 'Production', '2020-08-10', 1, 50, 2),
(609646, 108506, 'Payment', '2020-08-10', 1, -79, 2),
(609648, 108505, 'Payment', '2020-08-10', 1, -162, 2),
(609649, 108505, 'Collection Adjsutment', '2020-08-10', 1, -151, 2),
(609650, 635802, 'Payment', '2020-08-10', 1, -23, 2),
(609651, 774001, 'Payment', '2020-08-10', 1, -13, 2),
(609654, 721601, 'Production', '2020-08-11', 1, 70, 1),
(609655, 721601, 'Payment', '2020-08-11', 1, -30, 2),
(609656, 787201, 'Production', '2020-08-11', 1, 0, 2),
(609657, 787801, 'Production', '2020-08-11', 1, 0, 2),
(609658, 76001, 'Production', '2020-08-11', 1, 0, 2),
(609659, 577301, 'Production', '2020-08-11', 1, 0, 2),
(609660, 788601, 'Production', '2020-08-11', 1, 0, 2),
(609661, 118501, 'Production', '2020-08-11', 1, 0, 2),
(609662, 626901, 'Production', '2020-08-11', 1, 0, 2),
(609663, 790801, 'Production', '2020-08-11', 1, 0, 2),
(609664, 433201, 'Production', '2020-08-11', 1, 100, 2),
(609665, 433201, 'Production', '2020-08-11', 1, 0, 2),
(609666, 414701, 'Payment', '2020-08-11', 1, -176.55, 2),
(609667, 414701, 'Collection Adjsutment', '2020-08-11', 1, -131.45, 2),
(609669, 497002, 'Production', '2020-08-11', 1, 0, 2),
(609670, 790801, 'Payment', '2020-08-11', 1, -100, 2),
(609671, 120304, 'Production', '2020-08-11', 1, 0, 2),
(609673, 300603, 'Payment', '2020-08-11', 1, -137.8, 2),
(609674, 788602, 'Payment', '2020-08-11', 1, -208, 2),
(609675, 694701, 'Payment', '2020-08-11', 1, -10, 2),
(609676, 788602, 'Collection Adjsutment', '2020-08-11', 1, -201, 2),
(609677, 792301, 'Payment', '2020-08-11', 1, -61, 2),
(609678, 792301, 'Collection Adjsutment', '2020-08-11', 1, -35, 2),
(609679, 792301, 'Payment', '2020-08-11', 1, -78, 2),
(609680, 792301, 'Collection Adjsutment', '2020-08-11', 1, -53, 2),
(609681, 122002, 'Payment', '2020-08-11', 1, -43.2, 2),
(609682, 122002, 'Collection Adjsutment', '2020-08-11', 1, -52, 1),
(609686, 694701, 'Production', '2020-08-11', 1, 3, 1),
(609687, 694701, 'Production', '2020-08-11', 1, 10, 1),
(609688, 145604, 'Payment', '2020-08-11', 1, -171, 1),
(609689, 489201, 'Payment', '2020-08-11', 1, -155, 1),
(609690, 489201, 'Collection Adjsutment', '2020-08-11', 1, -178, 1),
(609691, 446701, 'Payment', '2020-08-11', 1, -93, 1),
(609692, 446701, 'Collection Adjsutment', '2020-08-11', 1, -112, 1),
(609693, 471001, 'Payment', '2020-08-11', 1, -185.5, 1),
(609694, 471001, 'Collection Adjsutment', '2020-08-11', 1, -860, 1),
(609695, 701601, 'Payment', '2020-08-11', 1, -155, 1),
(609696, 701601, 'Collection Adjsutment', '2020-08-11', 1, -190, 1),
(609721, 794401, 'Production', '2020-08-11', 1, 96, 1),
(609722, 794401, 'Production', '2020-08-11', 1, 82, 1),
(609723, 794401, 'Production', '2020-08-11', 1, 40, 1),
(609724, 794401, 'Production', '2020-08-11', 1, 33, 1),
(609725, 794401, 'Production', '2020-08-11', 1, 131, 1),
(609726, 122002, 'Production', '2020-08-11', 1, 0, 1),
(609727, 790801, 'Production', '2020-08-11', 1, 0, 1),
(609728, 790801, 'Production', '2020-08-11', 1, 0, 1),
(609729, 790801, 'Production', '2020-08-11', 1, 203, 2),
(609730, 336604, 'Production', '2020-08-11', 1, 0, 1),
(609731, 439401, 'Production', '2020-08-11', 1, 0, 1),
(609732, 508801, 'Production', '2020-08-11', 1, 270, 1),
(609734, 62704, 'Payment', '2020-08-11', 1, 0, 1),
(609736, 759501, 'Payment', '2020-08-11', 1, 0, 1),
(609738, 497002, 'Payment', '2020-08-11', 1, 0, 1),
(609739, 790801, 'Production', '2020-08-11', 1, 100, 1),
(609740, 793101, 'Production', '2020-08-11', 1, 0, 1),
(609741, 771003, 'Production', '2020-08-11', 1, 0, 1),
(609742, 792501, 'Payment', '2020-08-12', 1, -328.67, 1),
(609743, 720301, 'Collection Adjsutment', '2020-08-12', 1, -920.39, 1),
(609748, 576601, 'Production', '2020-08-12', 1, 0, 1),
(609751, 747101, 'Collection Adjsutment', '2020-08-12', 1, 32.5, 1),
(609752, 757601, 'Production', '2020-08-12', 1, 0, 1),
(609767, 626901, 'Production', '2020-08-12', 1, 0, 1),
(609768, 489803, 'Payment', '2020-08-12', 1, -217.6, 1),
(609772, 563401, 'Production', '2020-08-12', 1, 0, 1),
(609773, 756201, 'Production', '2020-08-12', 1, 0, 1),
(609774, 551701, 'Production', '2020-08-12', 1, 0, 1),
(609775, 551701, 'Production', '2020-08-12', 1, 0, 1),
(609776, 792401, 'Production', '2020-08-12', 1, 0, 1),
(609784, 511001, 'Production', '2020-08-12', 1, 0, 1),
(609785, 649401, 'Production', '2020-08-12', 1, 5.5, 1),
(609786, 649401, 'Payment', '2020-08-12', 1, -265.5, 1),
(609787, 661301, 'Payment', '2020-08-12', 1, -451.6, 1),
(609789, 593701, 'Production', '2020-08-12', 1, 0, 1),
(609790, 669301, 'Production', '2020-08-12', 1, 0, 1),
(609797, 516003, 'Production', '2020-08-12', 1, 0, 1),
(609798, 777001, 'Production', '2020-08-12', 1, 0, 1),
(609799, 530001, 'Production', '2020-08-12', 1, 0, 1),
(609800, 793101, 'Production', '2020-08-12', 1, 0, 1),
(609801, 771201, 'Production', '2020-08-12', 1, 0, 1),
(609802, 721601, 'Payment', '2020-08-12', 1, -40, 1),
(609803, 104701, 'Production', '2020-08-12', 20, 0, 1),
(609804, 104701, 'Production', '2020-08-12', 1, 0, 1),
(609805, 649401, 'Production', '2020-08-12', 20, 125, 1),
(609806, 649401, 'Production', '2020-08-12', 20, 125, 1),
(609807, 649401, 'Production', '2020-08-12', 1, 3, 1),
(609808, 790402, 'Production', '2020-08-12', 1, 96, 1),
(609809, 790402, 'Production', '2020-08-12', 1, 131, 1),
(609810, 790402, 'Production', '2020-08-12', 1, 115, 1),
(609811, 790402, 'Production', '2020-08-12', 1, 82, 1),
(609812, 790402, 'Production', '2020-08-12', 1, 33, 1),
(609813, 790402, 'Production', '2020-08-12', 1, 33, 1),
(609814, 790402, 'Production', '2020-08-12', 1, 55, 1),
(609815, 770601, 'Production', '2020-08-12', 1, 0, 1),
(609816, 794501, 'Production', '2020-08-12', 1, 96, 1),
(609817, 794501, 'Production', '2020-08-12', 1, 82, 1),
(609818, 794501, 'Production', '2020-08-12', 1, 40, 1),
(609819, 794501, 'Production', '2020-08-12', 1, 33, 1),
(609820, 794501, 'Production', '2020-08-12', 1, 131, 1),
(609821, 792501, 'Production', '2020-08-12', 1, 0, 1),
(609822, 792501, 'Production', '2020-08-12', 1, 0, 1),
(609823, 792501, 'Production', '2020-08-12', 1, 0, 1),
(609824, 792501, 'Production', '2020-08-12', 1, 0, 1),
(609825, 792501, 'Production', '2020-08-12', 1, 0, 1),
(609826, 489803, 'Production', '2020-08-12', 1, 270, 1),
(609827, 489803, 'Production', '2020-08-12', 1, 270, 1),
(609828, 793101, 'Production', '2020-08-12', 1, 0, 1),
(609829, 649204, 'Payment', '2020-08-12', 1, -50, 1),
(609832, 720301, 'Production', '2020-08-12', 1, 0, 1),
(609833, 753801, 'Production', '2020-08-12', 1, 0, 1),
(609834, 5203, 'Production', '2020-08-12', 1, 0, 1),
(609836, 794001, 'Payment', '2020-08-12', 1, -2967, 1),
(609837, 5201, 'Production', '2020-08-12', 20, 115, 1),
(609838, 5201, 'Production', '2020-08-12', 1, 65, 1),
(609839, 5201, 'Production', '2020-08-12', 20, 82, 1),
(609840, 5201, 'Production', '2020-08-12', 1, 35, 1),
(609841, 5201, 'Production', '2020-08-12', 20, 23, 1),
(609842, 720301, 'Production', '2020-08-12', 1, 96, 1),
(609843, 720301, 'Production', '2020-08-12', 1, 0, 1),
(609844, 720301, 'Production', '2020-08-12', 1, 82, 1),
(609845, 720301, 'Production', '2020-08-12', 1, 35, 1),
(609846, 720301, 'Production', '2020-08-12', 1, 23, 1),
(609847, 720301, 'Production', '2020-08-12', 1, 135, 1),
(609848, 788601, 'Payment', '2020-08-12', 1, 0, 1),
(609849, 788601, 'Production', '2020-08-12', 1, 203, 1),
(609850, 788601, 'Production', '2020-08-12', 1, 329, 1),
(609851, 788601, 'Production', '2020-08-12', 1, 203, 1),
(609852, 788601, 'Production', '2020-08-12', 1, 203, 1),
(609853, 788601, 'Production', '2020-08-12', 1, 270, 1),
(609854, 788601, 'Production', '2020-08-12', 1, 203, 1),
(609855, 788601, 'Production', '2020-08-12', 1, 203, 1),
(609856, 28303, 'Production', '2020-08-12', 20, 115, 1),
(609857, 28303, 'Production', '2020-08-12', 20, 55, 1),
(609858, 28303, 'Production', '2020-08-12', 1, 65, 1),
(609859, 738602, 'Production', '2020-08-12', 20, 105, 1),
(609860, 738602, 'Production', '2020-08-12', 1, 65, 1),
(609861, 738602, 'Production', '2020-08-12', 20, 55, 1),
(609862, 738602, 'Production', '2020-08-12', 20, 82, 1),
(609863, 738602, 'Production', '2020-08-12', 1, 35, 1),
(609864, 738602, 'Production', '2020-08-12', 20, 23, 1),
(609865, 516003, 'Production', '2020-08-12', 1, 0, 1);
